date,infl,corpr,Default Yield Spread (dfy) (rawdiff),excess_returns
1959-01-01,0.0034602076124568004,-0.0028,0.0075,
1959-02-01,-0.0034482758620689724,0.0126,0.0075,0.0005715028166288899
1959-03-01,0.0,-0.0083,0.007199999999999998,0.0010019524270472387
1959-04-01,0.0034602076124568004,-0.0172,0.0063,0.03935152388369101
1959-05-01,0.0,-0.0114,0.0058999999999999955,0.019259460652638373
1959-06-01,0.0034482758620690834,0.0044,0.0058,-0.0035275662663076224
1959-07-01,0.0034364261168384758,0.0089,0.006100000000000001,0.034864030102772
1959-08-01,0.0,-0.0068,0.006600000000000002,-0.014417401992182654
1959-09-01,0.0034246575342467,-0.0088,0.006600000000000002,-0.04608580236425364
1959-10-01,0.0034129692832762792,0.0165,0.007099999999999995,0.010883697702407494
1959-11-01,0.0,0.0135,0.007000000000000006,0.013219936363833165
1959-12-01,0.0,-0.0096,0.006999999999999999,0.026771592325577867
1960-01-01,-0.00340136054421758,0.0107,0.007299999999999994,-0.0719670876291443
1960-02-01,0.0034129692832762792,0.0128,0.007800000000000001,0.009097292403088666
1960-03-01,0.0,0.0191,0.007599999999999996,-0.014477453531820225
1960-04-01,0.003401360544217802,-0.0022,0.0075,-0.01644945125841267
1960-05-01,0.0,-0.0021,0.008199999999999999,0.027058695041711912
1960-06-01,0.003389830508474523,0.0141,0.008099999999999996,0.01997843769278025
1960-07-01,0.0,0.0257,0.008099999999999996,-0.02314420880779314
1960-08-01,0.0,0.0117,0.007999999999999993,0.027274298777525664
1960-09-01,0.0,-0.0063,0.007599999999999996,-0.05895701029542672
1960-10-01,0.006756756756756799,0.0008,0.00810000000000001,-0.0015853573739337472
1960-11-01,0.0,-0.007,0.0076999999999999985,0.04189553265886533
1960-12-01,0.0,0.0104,0.0075,0.04746937700945524
1961-01-01,0.0,0.0148,0.0077999999999999944,0.06388189261371725
1961-02-01,0.0,0.021,0.008000000000000007,0.028022250917369387
1961-03-01,0.0,-0.0029,0.008,0.026020825216856336
1961-04-01,0.0,-0.0116,0.007599999999999996,0.00461798068248024
1961-05-01,0.0,0.0049,0.007400000000000004,0.01976837481081353
1961-06-01,0.0,-0.008,0.007000000000000006,-0.02834512249301857
1961-07-01,0.006711409395973034,0.004,0.0068000000000000005,0.03342696529314406
1961-08-01,-0.0033333333333334103,-0.0018,0.006600000000000002,0.020613853566663634
1961-09-01,0.0033444816053511683,0.0144,0.006699999999999998,-0.018937943037410886
1961-10-01,0.0,0.0127,0.007100000000000002,0.028827639840955946
1961-11-01,0.0,0.0028,0.007200000000000012,0.040184014516015554
1961-12-01,0.0,-0.0026,0.0068000000000000005,0.0036775689833545974
1962-01-01,0.0,0.008,0.006600000000000002,-0.037822253432238814
1962-02-01,0.0033333333333334103,0.0052,0.006500000000000006,0.016691625652388353
1962-03-01,0.0,0.0151,0.006500000000000006,-0.005416207022272966
1962-04-01,0.0033222591362125353,0.0142,0.006899999999999996,-0.06155552273542377
1962-05-01,0.0,0.0,0.007199999999999998,-0.08552064733168367
1962-06-01,0.0,-0.0026,0.00739999999999999,-0.08070253677485029
1962-07-01,0.0033112582781458233,-0.0015,0.007099999999999995,0.06381926877121662
1962-08-01,0.0,0.0143,0.007100000000000002,0.015906705916845145
1962-09-01,0.0033003300330032292,0.0089,0.007100000000000002,-0.04722665030281615
1962-10-01,0.0,0.0068,0.007099999999999995,0.005034204108099684
1962-11-01,0.0,0.0062,0.007099999999999995,0.10238560627658044
1962-12-01,0.0,0.0023,0.0068000000000000005,0.01400480379045407
1963-01-01,0.0,0.0059,0.007000000000000006,0.049318032826457026
1963-02-01,0.0,0.0023,0.006999999999999992,-0.028373758219184673
1963-03-01,0.00328947368421062,0.0026,0.0068999999999999895,0.035855704913514835
1963-04-01,0.0,-0.0051,0.006600000000000002,0.04860711430392123
1963-05-01,0.0,0.0048,0.0063,0.014496480426993322
1963-06-01,0.003278688524590123,0.0043,0.006099999999999994,-0.019854906995892683
1963-07-01,0.0032679738562091387,0.0028,0.0058,-0.003503686338099241
1963-08-01,0.0,0.0035,0.005400000000000002,0.04878513656761968
1963-09-01,0.0,-0.0023,0.005299999999999999,-0.011165910001763334
1963-10-01,0.0032573289902280145,0.0049,0.0051,0.031832244662553535
1963-11-01,0.0,0.0015,0.0051,-0.01067110003994095
1963-12-01,0.0032467532467532756,-0.0034,0.0049999999999999975,0.024076192028613788
1964-01-01,0.0,0.0087,0.004400000000000008,0.02641043608228089
1964-02-01,0.0,0.0054,0.004700000000000003,0.009742865089280064
1964-03-01,0.0,-0.0062,0.004500000000000004,0.014525523409764199
1964-04-01,0.0,0.004,0.00449999999999999,0.00563854804379206
1964-05-01,0.0,0.0057,0.004399999999999994,0.011302771711311823
1964-06-01,0.003236245954692629,0.0048,0.004399999999999994,0.015851916569669892
1964-07-01,0.003225806451612856,0.0052,0.004299999999999998,0.017644110760567936
1964-08-01,-0.003215434083601365,0.0037,0.0040999999999999995,-0.01656540411039695
1964-09-01,0.003225806451612856,0.0021,0.0040000000000000036,0.0283335329931679
1964-10-01,0.0,0.005,0.0039000000000000007,0.007593671826647511
1964-11-01,0.003215434083601254,-0.0004,0.003799999999999998,-0.005636933530760765
1964-12-01,0.0,0.0088,0.003699999999999995,0.0032672367198981395
1965-01-01,0.0,0.0081,0.003700000000000002,0.03275152834095399
1965-02-01,0.0,0.0009,0.003700000000000002,-0.0020700692686673712
1965-03-01,0.0032051282051281937,0.0012,0.003600000000000006,-0.01565956474955816
1965-04-01,0.0031948881789136685,0.0021,0.003700000000000002,0.03354202236352132
1965-05-01,0.0,-0.0008,0.003699999999999995,-0.008402237411987987
1965-06-01,0.006369426751592355,0.0003,0.0038999999999999937,-0.0495459393163416
1965-07-01,0.0,0.0019,0.00399999999999999,0.012900805538241014
1965-08-01,0.0,-0.0006,0.0038999999999999937,0.021748981630595434
1965-09-01,0.0,-0.0015,0.0039000000000000076,0.03137048232841521
1965-10-01,0.0031645569620253333,0.0046,0.003700000000000002,0.02666199124719381
1965-11-01,0.0,-0.0057,0.003500000000000003,-0.009808272975153905
1965-12-01,0.003154574132492094,-0.0149,0.0034000000000000002,0.008103294133193408
1966-01-01,0.0,0.0022,0.0031999999999999945,0.0035269183942816785
1966-02-01,0.0062893081761006275,-0.0113,0.0034000000000000002,-0.01885114679544447
1966-03-01,0.0031250000000000444,-0.0059,0.0040000000000000036,-0.023019104611944983
1966-04-01,0.006230529595015355,0.0013,0.004500000000000004,0.01966816310937121
1966-05-01,0.0,-0.0026,0.0049999999999999975,-0.055518147048738704
1966-06-01,0.003095975232198178,0.003,0.0051,-0.017155372869871652
1966-07-01,0.0030864197530864335,-0.0098,0.005199999999999996,-0.014112005707297256
1966-08-01,0.006153846153846176,-0.0259,0.005200000000000003,-0.07874916417916622
1966-09-01,0.0,0.0078,0.0059999999999999915,-0.007858210103178439
1966-10-01,0.006116207951070152,0.0261,0.006899999999999996,0.04604038841636754
1966-11-01,0.0,-0.002,0.007800000000000001,0.002096977026048833
1966-12-01,0.0,0.0201,0.007899999999999997,-0.002514307732726092
1967-01-01,0.0,0.045,0.007699999999999992,0.07664856034410536
1967-02-01,0.0,-0.0201,0.007899999999999997,0.0011380388689444165
1967-03-01,0.003039513677811634,0.0117,0.007199999999999998,0.03818923364244654
1967-04-01,0.003030303030303161,-0.0071,0.007199999999999991,0.04161011636179355
1967-05-01,0.0030211480362538623,-0.0254,0.007199999999999998,-0.05302831242845976
1967-06-01,0.0030120481927708997,-0.0223,0.007100000000000002,0.017478573811231003
1967-07-01,0.0030030030030030463,0.0041,0.0068000000000000005,0.04480065688263123
1967-08-01,0.0029940119760478723,-0.0007,0.007099999999999995,-0.012222370846525008
1967-09-01,0.0029850746268658135,0.0094,0.0075,0.03210124802425827
1967-10-01,0.0029761904761904656,-0.0281,0.006999999999999992,-0.030364531139817616
1967-11-01,0.0029673590504448732,-0.0272,0.006499999999999992,5.361520857399046e-05
1967-12-01,0.002958579881656931,0.0127,0.007399999999999997,0.025498968848581906
1968-01-01,0.005899705014749346,0.0361,0.0067000000000000046,-0.045200748259468515
1968-02-01,0.0029325513196480912,0.0037,0.007000000000000006,-0.03238117790109639
1968-03-01,0.0029239766081869956,-0.0197,0.00739999999999999,0.00832560403255214
1968-04-01,0.00291545189504383,0.0048,0.007599999999999996,0.08015947147011657
1968-05-01,0.0029069767441860517,0.0032,0.0076000000000000095,0.00918291686713019
1968-06-01,0.005797101449275477,0.0122,0.00789999999999999,0.007322564941651037
1968-07-01,0.0057636887608067955,0.0341,0.007399999999999997,-0.020716960354627195
1968-08-01,0.002865329512893977,0.0206,0.008,0.00980185328935666
1968-09-01,0.0028571428571428914,-0.0053,0.008200000000000006,0.036698684309593305
1968-10-01,0.005698005698005604,-0.016,0.007500000000000007,0.00526003700220952
1968-11-01,0.0028328611898016387,-0.0226,0.008199999999999992,0.04611490256490101
1968-12-01,0.0028248587570622874,-0.0233,0.007800000000000001,-0.0434534317706792
1969-01-01,0.0028169014084507005,0.0139,0.007300000000000001,-0.010992426497005742
1969-02-01,0.00561797752808979,-0.016,0.006399999999999989,-0.04934997124413116
1969-03-01,0.008379888268156499,-0.02,0.006600000000000009,0.032389010022842495
1969-04-01,0.005540166204986097,0.0335,0.006499999999999992,0.01867515410381934
1969-05-01,0.0027548209366392573,-0.0227,0.007299999999999987,-0.004505101734401857
1969-06-01,0.005494505494505475,0.0035,0.007199999999999998,-0.05800757054243045
1969-07-01,0.005464480874316724,0.0005,0.007599999999999996,-0.06263163165388622
1969-08-01,0.005434782608695787,-0.002,0.008900000000000005,0.037816633548380614
1969-09-01,0.002702702702702675,-0.0244,0.00910000000000001,-0.02840461444367572
1969-10-01,0.005390835579514697,0.0127,0.008900000000000005,0.040946346394155515
1969-11-01,0.00536193029490617,-0.0471,0.009000000000000008,-0.03766941573645878
1969-12-01,0.005333333333333412,-0.0134,0.009300000000000017,-0.022194274313436384
1970-01-01,0.0026525198938991412,0.0141,0.009499999999999995,-0.07937129179957736
1970-02-01,0.005291005291005346,0.0401,0.008499999999999994,0.0494419661952694
1970-03-01,0.0052631578947368585,-0.0045,0.007900000000000004,-0.001300184162866108
1970-04-01,0.00785340314136107,-0.025,0.0087,-0.09223917952926353
1970-05-01,0.0025974025974027093,-0.0163,0.008700000000000013,-0.06280846935655596
1970-06-01,0.005181347150258864,0.0001,0.0076999999999999985,-0.05218854398176584
1970-07-01,0.005154639175257714,0.0556,0.009600000000000011,0.07149364434521598
1970-08-01,0.0,0.01,0.013099999999999987,0.042416234716502105
1970-09-01,0.00512820512820511,0.0139,0.013000000000000012,0.030754827854736558
1970-10-01,0.005102040816326481,-0.0096,0.012999999999999998,-0.012823564743938816
1970-11-01,0.005076142131979822,0.0584,0.013300000000000006,0.04586414278383904
1970-12-01,0.005050505050504972,0.0372,0.014799999999999994,0.0554056282055748
1971-01-01,0.0,0.0532,0.013800000000000007,0.03939789677260544
1971-02-01,0.002512562814070307,-0.0366,0.0131,0.008461180804170656
1971-03-01,0.0025062656641603454,0.0258,0.012500000000000011,0.03637952296202174
1971-04-01,0.0024999999999999467,-0.0236,0.011999999999999997,0.03597802499680838
1971-05-01,0.004987531172069737,-0.0161,0.010899999999999993,-0.04186272908897136
1971-06-01,0.007444168734491496,0.0107,0.011099999999999999,-0.0004062937281179204
1971-07-01,0.0024630541871921707,-0.0025,0.011200000000000002,-0.0426240782838857
1971-08-01,0.002457002457002311,0.0554,0.011700000000000002,0.03399844178740945
1971-09-01,0.0,-0.0102,0.011499999999999996,-0.008049119035486182
1971-10-01,0.002450980392156854,0.0282,0.010900000000000007,-0.04276700001193542
1971-11-01,0.0,0.0029,0.011200000000000015,-0.003519125045614099
1971-12-01,0.004889975550122383,0.0223,0.011300000000000018,0.08498533957971781
1972-01-01,0.0,-0.0033,0.010399999999999993,0.017682621460466078
1972-02-01,0.0048661800486617945,0.0107,0.009599999999999997,0.02520367251296091
1972-03-01,0.002421307506053294,0.0024,0.009999999999999995,0.005598112369325539
1972-04-01,0.0024154589371980784,0.0035,0.009400000000000006,0.003860415785842744
1972-05-01,0.002409638554216942,0.0163,0.009300000000000003,0.01661074451099787
1972-06-01,0.0024038461538462563,-0.0068,0.009699999999999986,-0.022332664343948525
1972-07-01,0.004796163069544335,0.003,0.0102,0.0016182622425052668
1972-08-01,0.0023866348448686736,0.0072,0.009999999999999995,0.03386180077227054
1972-09-01,0.0023809523809523725,0.0031,0.0087,-0.005939198865694981
1972-10-01,0.004750593824227822,0.0101,0.008500000000000008,0.007634767843472726
1972-11-01,0.0023640661938535423,0.0249,0.0087,0.04415076608110028
1972-12-01,0.002358490566037874,-0.0004,0.008499999999999994,0.010351867532410611
1973-01-01,0.0023529411764706687,-0.0054,0.007499999999999993,-0.01924425710456283
1973-02-01,0.007042253521126751,0.0023,0.007499999999999993,-0.03922989204207495
1973-03-01,0.00932400932400923,0.0045,0.00739999999999999,-0.003663881877441773
1973-04-01,0.006928406466512715,0.0061,0.008300000000000002,-0.04351733027451034
1973-05-01,0.006880733944954143,-0.0039,0.0076999999999999985,-0.021440262591303834
1973-06-01,0.006833712984054774,-0.0056,0.0076000000000000095,-0.009100865343756322
1973-07-01,0.002262443438913797,-0.0476,0.007900000000000004,0.034074321695618706
1973-08-01,0.01805869074492117,0.0356,0.008499999999999994,-0.04108394797671377
1973-09-01,0.0022172949002217113,0.0356,0.010000000000000009,0.035809065380730504
1973-10-01,0.008849557522123908,-0.0066,0.00810000000000001,-0.005246545432494859
1973-11-01,0.006578947368421018,0.0078,0.007499999999999993,-0.1165575230539519
1973-12-01,0.0065359477124184995,-0.0089,0.008000000000000007,0.013056812085051345
1974-01-01,0.008658008658008587,-0.0053,0.006500000000000006,-0.01341216173843654
1974-02-01,0.012875536480686733,0.0009,0.006799999999999987,-0.006462351799114557
1974-03-01,0.012711864406779627,-0.0307,0.006099999999999994,-0.025829688982563388
1974-04-01,0.004184100418409997,-0.0341,0.006199999999999983,-0.04335815528232594
1974-05-01,0.012499999999999956,0.0105,0.006800000000000014,-0.03772846198058404
1974-06-01,0.008230452674897082,-0.0285,0.00799999999999998,-0.01727397167807076
1974-07-01,0.008163265306122325,-0.0211,0.0076000000000000095,-0.081081623576995
1974-08-01,0.012145748987854255,-0.0268,0.0076999999999999985,-0.09216684927364538
1974-09-01,0.01200000000000001,0.0174,0.009400000000000006,-0.1227263991164842
1974-10-01,0.009881422924901129,0.0885,0.012100000000000014,0.16199891808426858
1974-11-01,0.007827788649706457,0.0117,0.01709999999999999,-0.05429638711390532
1974-12-01,0.007766990291262044,-0.0075,0.0174,-0.022775764208998288
1975-01-01,0.003853564547206201,0.0596,0.019799999999999998,0.12093450696756672
1975-02-01,0.007677543186180413,0.0137,0.0203,0.05931027298250077
1975-03-01,0.003809523809523929,-0.0247,0.018100000000000005,0.02126266100449036
1975-04-01,0.003795066413662118,-0.0052,0.01630000000000001,0.04638084507573832
1975-05-01,0.005671077504725952,0.0106,0.017899999999999985,0.04308045990553451
1975-06-01,0.007518796992481258,0.0304,0.01849999999999999,0.04347043543961714
1975-07-01,0.011194029850746245,-0.003,0.017100000000000018,-0.06897059727838614
1975-08-01,0.0018450184501843658,-0.0175,0.016399999999999998,-0.02231187434613821
1975-09-01,0.005524861878453136,-0.0126,0.016600000000000004,-0.03625922754697311
1975-10-01,0.005494505494505475,0.0553,0.01759999999999999,0.05950588209058565
1975-11-01,0.007285974499089187,-0.0088,0.01780000000000001,0.023978228760340052
1975-12-01,0.003616636528029016,0.0442,0.017700000000000007,-0.012907881331983367
1976-01-01,0.0018018018018017834,0.0188,0.018100000000000005,0.11664906841760352
1976-02-01,0.003597122302158251,0.0061,0.0169,-0.011720782922666914
1976-03-01,0.0017921146953405742,0.0167,0.016,0.029681116416941714
1976-04-01,0.003577817531305927,-0.0015,0.015399999999999983,-0.012150915005744518
1976-05-01,0.007130124777183555,-0.0103,0.012799999999999992,-0.014956126722784421
1976-06-01,0.005309734513274211,0.015,0.012700000000000003,0.039631063454149656
1976-07-01,0.00528169014084523,0.0149,0.0126,-0.009701936083796065
1976-08-01,0.005253940455341555,0.0231,0.011900000000000008,-0.006230425447024475
1976-09-01,0.0034843205574912606,0.0167,0.010199999999999987,0.02128973010197384
1976-10-01,0.005208333333333259,0.007,0.0097,-0.0231629852945684
1976-11-01,0.0017271157167531026,0.0319,0.009800000000000003,-0.008523371230400808
1976-12-01,0.0034482758620690834,0.0347,0.01139999999999998,0.05163825493776408
1977-01-01,0.005154639175257714,-0.0303,0.011200000000000002,-0.05078446142141974
1977-02-01,0.01025641025641022,-0.002,0.010800000000000004,-0.021701294789211286
1977-03-01,0.006768189509306133,0.0094,0.010199999999999987,-0.014277524788811365
1977-04-01,0.008403361344537785,0.01,0.010300000000000017,-1.8160211170147912e-06
1977-05-01,0.004999999999999893,0.0106,0.009599999999999997,-0.02353678949314949
1977-06-01,0.0066334991708127955,0.0175,0.009599999999999997,0.044975943353716685
1977-07-01,0.0049423393739702615,-0.0005,0.009299999999999989,-0.016707186868735752
1977-08-01,0.003278688524590123,0.0136,0.00839999999999999,-0.0216070046753956
1977-09-01,0.0032679738562091387,-0.0022,0.008800000000000016,-0.0028953048192983683
1977-10-01,0.0032573289902280145,-0.0038,0.008500000000000021,-0.04419397382602784
1977-11-01,0.004870129870129913,0.0061,0.0087,0.026019597344504212
1977-12-01,0.003231017770597866,-0.0105,0.008000000000000007,0.0020393839194005215
1978-01-01,0.006441223832528209,-0.0089,0.007599999999999996,-0.062013327236257285
1978-02-01,0.006399999999999961,0.0051,0.007299999999999987,-0.02480780128457622
1978-03-01,0.007949125596184325,0.0042,0.007499999999999993,0.024114868440790443
1978-04-01,0.007886435331230235,-0.0023,0.007599999999999996,0.08417894303236946
1978-05-01,0.009389671361502261,-0.0108,0.008000000000000007,0.0033106012500488877
1978-06-01,0.010852713178294726,0.0023,0.008400000000000005,-0.01870223359028593
1978-07-01,0.0076687116564417845,0.0101,0.007199999999999998,0.05240414975975565
1978-08-01,0.004566210045662045,0.0257,0.007900000000000018,0.024344219245234604
1978-09-01,0.007575757575757569,-0.0048,0.007300000000000015,-0.009381400765979282
1978-10-01,0.009022556390977376,-0.0205,0.006999999999999992,-0.09386814227792814
1978-11-01,0.0044709388971686526,0.0134,0.008000000000000007,0.01408661633681197
1978-12-01,0.004451038575667532,-0.0133,0.0077999999999999875,0.01148512812613392
1979-01-01,0.008862629246676468,0.0184,0.008800000000000002,0.036310217431222466
1979-02-01,0.01171303074670571,-0.0128,0.008199999999999999,-0.03936230969229362
1979-03-01,0.01013024602026058,0.0106,0.008900000000000005,0.05131715274429193
1979-04-01,0.011461318051575908,-0.0052,0.009499999999999995,-0.00203000219321358
1979-05-01,0.012747875354107707,0.0228,0.0097,-0.030084410634440686
1979-06-01,0.01118881118881121,0.0269,0.010900000000000007,0.03487979856031997
1979-07-01,0.011065006915629283,-0.0031,0.010899999999999993,0.005377675129598232
1979-08-01,0.009575923392612928,0.0006,0.011199999999999988,0.049534746652156555
1979-09-01,0.01084010840108407,-0.0179,0.010999999999999996,-0.004099792657641181
1979-10-01,0.008042895442359255,-0.089,0.012700000000000003,-0.07275813897098411
1979-11-01,0.009308510638297962,0.0222,0.012300000000000005,0.037122733263829776
1979-12-01,0.010540184453227797,-0.0108,0.013200000000000003,0.011629135163380442
1980-01-01,0.014341590612777066,-0.0645,0.013300000000000006,0.05378543317233909
1980-02-01,0.01413881748071999,-0.0665,0.011900000000000008,-0.009064028017187623
1980-03-01,0.015209125475285079,-0.0062,0.014899999999999969,-0.10916044198280683
1980-04-01,0.011235955056179803,0.1376,0.021500000000000005,0.033124068264549444
1980-05-01,0.00987654320987641,0.056,0.021800000000000014,0.04288557903779954
1980-06-01,0.011002444987775029,0.0341,0.021300000000000013,0.025201699482381816
1980-07-01,0.0,-0.0429,0.015799999999999995,0.06383657436345133
1980-08-01,0.007255139056831839,-0.0445,0.015100000000000002,0.0035392521176631107
1980-09-01,0.008403361344537785,-0.0237,0.01679999999999998,0.021699340565195797
1980-10-01,0.00952380952380949,-0.0159,0.01920000000000001,0.010508908989454177
1980-11-01,0.008254716981132004,0.0017,0.016699999999999993,0.09641233684450495
1980-12-01,0.009356725146198785,0.0248,0.01930000000000001,-0.04319299913227448
1981-01-01,0.008111239860950192,-0.013,0.022199999999999998,-0.05215432258332534
1981-02-01,0.010344827586207028,-0.0269,0.020199999999999996,0.006538028267446469
1981-03-01,0.0068259385665527805,0.0311,0.020100000000000007,0.0277806437711825
1981-04-01,0.006779661016949046,-0.0769,0.01680000000000001,-0.030292406962031806
1981-05-01,0.007856341189674598,0.0595,0.01630000000000001,-0.009163409027408132
1981-06-01,0.008908685968819663,0.0023,0.02049999999999999,-0.019849645041244358
1981-07-01,0.011037527593819041,-0.0372,0.0179,-0.010515247551348616
1981-08-01,0.007641921397379958,-0.0345,0.014499999999999985,-0.0705034994467538
1981-09-01,0.009750812567713929,-0.0199,0.014300000000000007,-0.06155509408266183
1981-10-01,0.0021459227467810482,0.0521,0.017100000000000004,0.04153051544131414
1981-11-01,0.0032119914346895317,0.1267,0.021700000000000025,0.03023895694162408
1981-12-01,0.0032017075773744796,-0.058,0.0232,-0.0342668240368363
1982-01-01,0.0031914893617019935,-0.0129,0.019200000000000023,-0.02093422509762776
1982-02-01,0.0031813361611876534,0.0312,0.019100000000000006,-0.06481934241533029
1982-03-01,-0.0010570824524311906,0.0306,0.022400000000000003,-0.014965307627043591
1982-04-01,0.004232804232804366,0.0338,0.0232,0.033545104971361185
1982-05-01,0.009483667017913477,0.0245,0.023799999999999988,-0.044711746439816846
1982-06-01,0.012526096033403045,-0.0468,0.021100000000000008,-0.024712148682508317
1982-07-01,0.005154639175257714,0.054,0.021900000000000003,-0.028180949173478402
1982-08-01,0.002051282051282133,0.0837,0.026100000000000012,0.11314436880256357
1982-09-01,0.0020470829068577334,0.0623,0.026900000000000007,0.007254778779297692
1982-10-01,0.003064351378958108,0.0759,0.026100000000000026,0.10873707350166285
1982-11-01,-0.0020366598778004397,0.0201,0.026200000000000015,0.033951321120314376
1982-12-01,-0.004081632653061273,0.0108,0.023099999999999996,0.012528753995223612
1983-01-01,0.002049180327868827,-0.0094,0.021500000000000005,0.030182012442187784
1983-02-01,0.0010224948875257045,0.0428,0.019399999999999987,0.016676868859734722
1983-03-01,0.0,0.0072,0.018799999999999997,0.030559292108433195
1983-04-01,0.007150153217568844,0.0548,0.017799999999999996,0.07132882622606262
1983-05-01,0.006085192697768749,-0.0324,0.01629999999999998,-0.01569017641082791
1983-06-01,0.003024193548387011,-0.0046,0.01629999999999998,0.03196405163319664
1983-07-01,0.004020100502512669,-0.0455,0.012400000000000022,-0.0368461845262547
1983-08-01,0.0030030030030030463,0.0051,0.011300000000000004,0.0072570160481764635
1983-09-01,0.004990019960079861,0.0392,0.011800000000000019,0.006070725870147837
1983-10-01,0.002979145978152964,-0.0025,0.0121,-0.019192340996542493
1983-11-01,0.001980198019801982,0.0142,0.011999999999999997,0.013961520701541892
1983-12-01,0.0009881422924900019,-0.0033,0.011800000000000005,-0.012551806759122403
1984-01-01,0.005923000987166915,0.027,0.014500000000000013,-0.013185082305125665
1984-02-01,0.004906771344455274,-0.0172,0.015099999999999988,-0.04216564397189016
1984-03-01,0.001953124999999778,-0.0235,0.01419999999999999,0.00995687365840689
1984-04-01,0.004873294346978474,-0.0073,0.015000000000000013,0.001126486479304573
1984-05-01,0.0029097963142581396,-0.0483,0.014600000000000002,-0.06313416061860441
1984-06-01,0.0029013539651836506,0.0199,0.014999999999999986,0.013946082199045869
1984-07-01,0.0038572806171648377,0.0586,0.017100000000000004,-0.020595009009581014
1984-08-01,0.003842459173871271,0.0307,0.017600000000000032,0.10171017934694257
1984-09-01,0.004784688995215225,0.0314,0.0169,-0.00837713282034375
1984-10-01,0.0028571428571428914,0.0572,0.0131,-0.006332306167056148
1984-11-01,0.0,0.0212,0.011900000000000008,-0.018601716728730816
1984-12-01,0.0,0.0128,0.012700000000000003,0.01972646619604586
1985-01-01,0.0018993352326686086,0.0325,0.011799999999999991,0.07109854036535052
1985-02-01,0.004739336492890933,-0.0373,0.010999999999999996,0.006387595056873724
1985-03-01,0.0037735849056603765,0.0179,0.011299999999999977,-0.0055917655283868216
1985-04-01,0.0046992481203007586,0.0296,0.012799999999999992,-0.008232257834208239
1985-05-01,0.0037418147801682178,0.082,0.014299999999999993,0.050842119169731186
1985-06-01,0.002795899347623365,0.0083,0.014600000000000002,0.009996003146417524
1985-07-01,0.0018587360594795044,-0.0121,0.014599999999999988,-0.007654610781800203
1985-08-01,0.0018552875695732052,0.026,0.014499999999999999,-0.01404570662673726
1985-09-01,0.002777777777777768,0.0071,0.014100000000000001,-0.0371358966066827
1985-10-01,0.003693444136657398,0.0329,0.013399999999999995,0.039459424792222815
1985-11-01,0.002759889604415866,0.037,0.014399999999999996,0.062209728880761476
1985-12-01,0.0027522935779815683,0.0469,0.014200000000000004,0.04167701551382192
1986-01-01,0.0027447392497712553,0.0045,0.013899999999999996,-0.00010916077730733359
1986-02-01,-0.0027372262773722733,0.0752,0.014399999999999996,0.06911982954050497
1986-03-01,-0.0045745654162854255,0.0256,0.015,0.04959148048923035
1986-04-01,-0.0018382352941176405,0.0016,0.013999999999999999,-0.016501050106677035
1986-05-01,0.002762430939226679,-0.0164,0.011999999999999997,0.04804922126991741
1986-06-01,0.005509641873278293,0.0218,0.012099999999999986,0.01160051973015706
1986-07-01,0.0,0.0031,0.012799999999999992,-0.061008817432999365
1986-08-01,0.0018264840182649067,0.0275,0.014600000000000002,0.06928989182809991
1986-09-01,0.004557885141294404,-0.0114,0.013099999999999987,-0.08697379062536653
1986-10-01,0.0009074410163338875,0.0189,0.013800000000000007,0.05294609574908254
1986-11-01,0.0009066183136900996,0.0233,0.013899999999999996,0.020340234353162026
1986-12-01,0.0009057971014492239,0.0117,0.014800000000000008,-0.030339021230734273
1987-01-01,0.0063348416289592535,0.0216,0.013600000000000015,0.13009053466338424
1987-02-01,0.003597122302158251,0.0058,0.012699999999999989,0.035063122506083094
1987-03-01,0.0044802867383513245,-0.0087,0.012499999999999997,0.024072451138790123
1987-04-01,0.00535236396074934,-0.0502,0.011899999999999994,-0.013422598832174268
1987-05-01,0.003549245785270605,-0.0052,0.011800000000000005,0.004664320495623179
1987-06-01,0.0035366931918656697,0.0155,0.011999999999999997,0.04545003855294896
1987-07-01,0.002643171806167466,-0.0119,0.011899999999999994,0.045863969049121316
1987-08-01,0.005272407732864748,-0.0075,0.011300000000000018,0.03243529271842431
1987-09-01,0.005244755244755206,-0.0422,0.011300000000000004,-0.026423776614031
1987-10-01,0.002608695652173809,0.0507,0.010999999999999996,-0.22074773275163928
1987-11-01,0.0008673026886383273,0.0125,0.012200000000000016,-0.08567912331294553
1987-12-01,0.0,0.0212,0.011799999999999991,0.07193285731461276
1988-01-01,0.0025996533795493715,0.0517,0.011899999999999994,0.040403279252696614
1988-02-01,0.0025929127052721768,0.0138,0.012199999999999989,0.039987712858380035
1988-03-01,0.004310344827586299,-0.0188,0.011799999999999991,-0.03486240134636058
1988-04-01,0.0051502145922746045,-0.0149,0.012300000000000005,0.007708605022808283
1988-05-01,0.0034158838599487318,-0.0057,0.011399999999999993,0.0009803517678205129
1988-06-01,0.004255319148936065,0.0379,0.011400000000000007,0.041168336421166477
1988-07-01,0.004237288135593209,-0.0111,0.011499999999999982,-0.007660237002085631
1988-08-01,0.00421940928270037,0.0054,0.01100000000000001,-0.0415101042931809
1988-09-01,0.006722689075630228,0.0326,0.01079999999999999,0.036428518629924675
1988-10-01,0.0033388981636059967,0.0273,0.008999999999999994,0.022719220963094637
1988-11-01,0.0008319467554076532,-0.0169,0.010300000000000017,-0.021651773497465793
1988-12-01,0.0016625103906899863,0.0039,0.01079999999999999,0.011313222702678843
1989-01-01,0.004979253112033177,0.0202,0.010300000000000004,0.06837053195133974
1989-02-01,0.004128819157720898,-0.0129,0.0097,-0.03218111659732482
1989-03-01,0.005756578947368363,0.0064,0.0087,0.01693513961999053
1989-04-01,0.006541291905151292,0.0213,0.008200000000000013,0.04611615439938192
1989-05-01,0.005686433793663737,0.0379,0.008900000000000005,0.02990225943530513
1989-06-01,0.0024232633279481774,0.0395,0.009300000000000003,-0.01230747046631642
1989-07-01,0.00241740531829171,0.0178,0.009400000000000006,0.08389624698809783
1989-08-01,0.001607717041800516,-0.0163,0.0092,0.010632885785176367
1989-09-01,0.0032102728731941976,0.004,0.009000000000000008,-0.01048238027286857
1989-10-01,0.0047999999999999154,0.0276,0.008900000000000005,-0.02932112862407063
1989-11-01,0.0023885350318473275,0.007,0.0092,0.012278186953786813
1989-12-01,0.001588562351072298,0.0006,0.009600000000000011,0.017923623421896233
1990-01-01,0.01030927835051565,-0.0191,0.00949999999999998,-0.0716955331100106
1990-02-01,0.0047095761381474865,-0.0012,0.0092,0.00565875012968457
1990-03-01,0.005468749999999911,-0.0011,0.008400000000000019,0.020629533482142876
1990-04-01,0.0015540015540016494,-0.0191,0.008400000000000005,-0.030906958666295652
1990-05-01,0.002327385570209284,0.0385,0.009399999999999992,0.08785316328242679
1990-06-01,0.005417956656346812,0.0216,0.009600000000000011,-0.012471605759133114
1990-07-01,0.0038491147036181506,0.0102,0.009599999999999997,-0.009280881656322765
1990-08-01,0.009202453987730008,-0.0292,0.009999999999999995,-0.09787160706561687
1990-09-01,0.008358662613981771,0.0091,0.010800000000000004,-0.05396203541898436
1990-10-01,0.006028636021100375,0.0132,0.0121,-0.01023125630558594
1990-11-01,0.0022471910112360494,0.0285,0.013199999999999976,0.057338197450363546
1990-12-01,0.0,0.0167,0.013799999999999993,0.021877744310245147
1991-01-01,0.005979073243647104,0.015,0.014100000000000001,0.03924812038112001
1991-02-01,0.0014858841010403356,0.0121,0.012399999999999994,0.06522856515849665
1991-03-01,0.0014836795252224366,0.0108,0.011600000000000013,0.020492382844324378
1991-04-01,0.001481481481481417,0.0138,0.01079999999999999,-0.0022621966572865812
1991-05-01,0.002958579881656931,0.0039,0.009999999999999995,0.03647133604176804
1991-06-01,0.002949852507374784,-0.0018,0.009500000000000008,-0.049365410683698395
1991-07-01,0.0014705882352941124,0.0167,0.008900000000000005,0.04257869806599025
1991-08-01,0.002936857562408246,0.0275,0.009000000000000008,0.017626651859867275
1991-09-01,0.004392386530014614,0.0271,0.009000000000000008,-0.021106382189187207
1991-10-01,0.001457725947521915,0.0043,0.009399999999999992,0.010261276140782743
1991-11-01,0.0029112081513829047,0.0106,0.009699999999999986,-0.045112525615066276
1991-12-01,0.0007256894049345597,0.0436,0.009499999999999995,0.11022599131767599
1992-01-01,0.0014503263234226793,-0.0173,0.009300000000000017,-0.020803933640994907
1992-02-01,0.003620564808110016,0.0096,0.00940000000000002,0.009245159458723864
1992-03-01,0.005050505050505194,-0.0073,0.009000000000000008,-0.022687807797156553
1992-04-01,0.00143575017946862,0.0016,0.008800000000000016,0.02716741915305674
1992-05-01,0.0014336917562722817,0.0254,0.008500000000000008,0.0006360499973586918
1992-06-01,0.0035790980672869566,0.0156,0.008300000000000002,-0.018043377263066283
1992-07-01,0.0021398002853068032,0.0308,0.007699999999999985,0.03869884036433834
1992-08-01,0.002846975088967918,0.009,0.007000000000000006,-0.024107793213334734
1992-09-01,0.002838892831795725,0.0099,0.007000000000000006,0.008977895776556435
1992-10-01,0.0035385704175512345,-0.0156,0.008499999999999994,0.002272686556125749
1992-11-01,0.0014104372355430161,0.0069,0.00860000000000001,0.03035510096594948
1992-12-01,-0.0007042253521126751,0.0228,0.008300000000000002,0.009676540235670352
1993-01-01,0.0049330514446792595,0.025,0.007599999999999996,0.007104087641283754
1993-02-01,0.003506311360448766,0.0256,0.0068000000000000005,0.01062315435602288
1993-03-01,0.0034940600978337066,0.0025,0.005699999999999997,0.01849966151780519
1993-04-01,0.0027855153203342198,0.0052,0.0068000000000000005,-0.025451583182342127
1993-05-01,0.001388888888888884,0.002,0.007800000000000015,0.022832843333367082
1993-06-01,0.0013869625520113171,0.0293,0.007400000000000004,0.0005715826111553656
1993-07-01,0.0,0.01,0.007599999999999996,-0.005398555855663664
1993-08-01,0.0027700831024930483,0.0287,0.007500000000000007,0.03418273028824398
1993-09-01,0.002071823204419676,0.0043,0.006799999999999987,-0.01031469708310557
1993-10-01,0.004135079255685792,0.0051,0.006400000000000003,0.019426356238833466
1993-11-01,0.000686341798215695,-0.0188,0.007300000000000001,-0.013144551234953226
1993-12-01,0.0,0.0067,0.0076000000000000095,0.01003810305812666
1994-01-01,0.00274348422496562,0.0202,0.007300000000000001,0.0321845095248145
1994-02-01,0.0034199726402188713,-0.0286,0.0068000000000000005,-0.029885979506578685
1994-03-01,0.0034083162917519783,-0.0383,0.006500000000000006,-0.04607097952693081
1994-04-01,0.0013586956521740579,-0.0097,0.006400000000000003,0.011186894407742377
1994-05-01,0.0006784260515604323,-0.0062,0.0063,0.011654498312536945
1994-06-01,0.003389830508474523,-0.0081,0.006800000000000014,-0.027504610579219275
1994-07-01,0.002702702702702675,0.0309,0.006900000000000017,0.031006745976764807
1994-08-01,0.0040431266846361336,-0.0031,0.006699999999999998,0.03620287604150966
1994-09-01,0.0026845637583892135,-0.0265,0.006400000000000003,-0.028270590405297856
1994-10-01,0.0006693440428380271,-0.005,0.0063,0.01932822155495464
1994-11-01,0.0013377926421402897,0.0018,0.006400000000000003,-0.040800674885044984
1994-12-01,0.0,0.0157,0.006399999999999989,0.010288808849326217
1995-01-01,0.004008016032064354,0.0256,0.006199999999999997,0.02241067957772012
1995-02-01,0.003992015968063756,0.0289,0.0059000000000000025,0.034325936654896916
1995-03-01,0.003313452617627499,0.0095,0.0058,0.024921131041337023
1995-04-01,0.0033025099075296716,0.0175,0.005699999999999997,0.025702872889323117
1995-05-01,0.0019749835418036987,0.0631,0.005499999999999991,0.032989158158575796
1995-06-01,0.001971090670170872,0.0079,0.006000000000000005,0.018622494107695047
1995-07-01,0.0,-0.0101,0.006299999999999986,0.029267577187019393
1995-08-01,0.0026229508196722318,0.0214,0.006199999999999997,-0.003017499820874809
1995-09-01,0.0019620667102679956,0.0153,0.006099999999999994,0.037733242662905536
1995-10-01,0.0032637075718016106,0.0185,0.0063,-0.007723806250856963
1995-11-01,-0.0006506180871828082,0.0242,0.006599999999999995,0.03873725032649775
1995-12-01,-0.0006510416666666297,0.0228,0.0067000000000000115,0.014409349023864275
1996-01-01,0.005863192182410382,0.0014,0.006600000000000009,0.03013769094719418
1996-02-01,0.0032383419689119286,-0.0373,0.006399999999999989,0.00485526344420785
1996-03-01,0.005164622336991442,-0.013,0.0068000000000000005,0.00583736680492232
1996-04-01,0.003853564547206423,-0.016,0.006900000000000003,0.010635303416821555
1996-05-01,0.0019193857965449368,0.0005,0.0068000000000000005,0.020423954378737213
1996-06-01,0.0006385696040867028,0.0172,0.006900000000000003,3.027642166597913e-05
1996-07-01,0.0019144862795150708,0.001,0.006999999999999992,-0.04837244741618746
1996-08-01,0.0019108280254778176,-0.007,0.007199999999999998,0.016571573315202974
1996-09-01,0.0031786395422759295,0.0259,0.0068999999999999895,0.05155055591440601
1996-10-01,0.003168567807350975,0.0361,0.006800000000000014,0.023672783454768958
1996-11-01,0.0018951358180667732,0.0263,0.006900000000000003,0.07090762399329043
1996-12-01,0.0,-0.0186,0.0068999999999999895,-0.024429237167946823
1997-01-01,0.0031525851197982124,-0.0028,0.006699999999999998,0.05840201575099052
1997-02-01,0.00314267756128217,0.0028,0.0063,0.003608781504224071
1997-03-01,0.0025062656641603454,-0.0221,0.0063,-0.04525650845523846
1997-04-01,0.0012499999999999734,0.0184,0.006099999999999994,0.05567509526045164
1997-05-01,-0.0006242197253433224,0.0128,0.006199999999999983,0.05516292999379825
1997-06-01,0.0012492192379762734,0.0187,0.006099999999999994,0.04117999722060931
1997-07-01,0.0012476606363067688,0.0528,0.006100000000000008,0.07515217504835012
1997-08-01,0.0018691588785046953,-0.024,0.006000000000000005,-0.060130602790605454
1997-09-01,0.0024875621890545485,0.0226,0.005499999999999991,0.05010238574665733
1997-10-01,0.002481389578163906,0.0191,0.005699999999999997,-0.03727565326778328
1997-11-01,-0.0006188118811880639,0.0101,0.005500000000000005,0.04203375732752869
1997-12-01,-0.0012383900928791824,0.0163,0.005600000000000008,0.012262398191056706
1998-01-01,0.0018598884066955979,0.0137,0.0058,0.007171615805699109
1998-02-01,0.0018564356435644136,-0.0007,0.0058,0.06778757744916254
1998-03-01,0.0018529956763433386,0.0038,0.006000000000000005,0.04722872227174825
1998-04-01,0.0018495684340320562,0.0053,0.006400000000000003,0.005956590683638045
1998-05-01,0.0018461538461538307,0.0167,0.006099999999999994,-0.02161554135877208
1998-06-01,0.0012285012285011554,0.0115,0.006000000000000005,0.03651049083201129
1998-07-01,0.0012269938650306678,-0.0056,0.006000000000000005,-0.014424565183219658
1998-08-01,0.001225490196078427,0.0089,0.006199999999999997,-0.14869702753404182
1998-09-01,0.001223990208078174,0.0413,0.006900000000000003,0.059118287377965366
1998-10-01,0.0024449877750611915,-0.019,0.008099999999999996,0.07831994545023267
1998-11-01,0.0,0.027,0.009299999999999989,0.057184597398524654
1998-12-01,-0.0006097560975609762,0.001,0.010100000000000005,0.053673217833908354
1999-01-01,0.0024405125076265577,0.0123,0.010500000000000002,0.038569584701783566
1999-02-01,0.0012172854534386879,-0.0401,0.009899999999999992,-0.034681280256494695
1999-03-01,0.003039513677811634,0.0002,0.00910000000000001,0.03555977792292217
1999-04-01,0.0072727272727270975,-0.0024,0.008400000000000005,0.035270601700809125
1999-05-01,0.0,-0.0176,0.00789999999999999,-0.02731752587644158
1999-06-01,0.0,-0.016,0.00789999999999999,0.05143684489605138
1999-07-01,0.0030084235860408093,-0.0113,0.007599999999999996,-0.03481049457003979
1999-08-01,0.002399520095980767,-0.0026,0.007499999999999993,-0.009107957538450048
1999-09-01,0.004787552363854086,0.0093,0.008099999999999996,-0.0313706281919046
1999-10-01,0.0017867778439546456,0.0047,0.008300000000000016,0.05965798370216714
1999-11-01,0.0005945303210466157,-0.0024,0.007900000000000004,0.016462358843389473
1999-12-01,0.0,-0.0102,0.006400000000000003,0.05439066230720076
2000-01-01,0.002970885323826611,-0.0021,0.005499999999999991,-0.054004609045672176
2000-02-01,0.005924170616113722,0.0092,0.006099999999999994,-0.02338730756521737
2000-03-01,0.008244994110718329,0.0169,0.006900000000000003,0.09295200040065936
2000-04-01,0.0005841121495329116,-0.0115,0.0076000000000000095,-0.03443520767458281
2000-05-01,0.0011675423234092097,-0.0161,0.00910000000000001,-0.025933995857029265
2000-06-01,0.005247813411078717,0.0326,0.008099999999999996,0.020890513318407192
2000-07-01,0.002320185614849146,0.0179,0.006999999999999992,-0.02017533100655508
2000-08-01,0.0,0.0135,0.007099999999999995,0.056603156028477326
2000-09-01,0.005208333333333259,0.0046,0.007299999999999987,-0.05763464238932237
2000-10-01,0.0017271157167531026,0.0045,0.007900000000000004,-0.009597950326724898
2000-11-01,0.0005747126436781436,0.0263,0.008300000000000002,-0.08413580022306488
2000-12-01,-0.0005743825387707346,0.027,0.008099999999999996,8.037780953141106e-05
2001-01-01,0.006321839080459801,0.0359,0.0077999999999999875,0.03022314349963258
2001-02-01,0.003997715591090856,0.0127,0.007700000000000012,-0.09501050381735163
2001-03-01,0.0022753128555175195,-0.0029,0.008599999999999997,-0.06725756029805986
2001-04-01,0.0039727582292850006,-0.0128,0.0087,0.07397330089078503
2001-05-01,0.0045223289994347216,0.0132,0.007800000000000001,0.002937434150047305
2001-06-01,0.0016882386043894915,0.0055,0.00789999999999999,-0.026736003019558894
2001-07-01,-0.002808988764044895,0.0361,0.00839999999999999,-0.012692094700204489
2001-08-01,0.0,0.0156,0.008300000000000002,-0.06605280386623104
2001-09-01,0.004507042253521165,-0.0152,0.008599999999999997,-0.083263630807457
2001-10-01,-0.0033651149747617737,0.0437,0.008800000000000002,0.017136494453596086
2001-11-01,-0.0016882386043892694,-0.0188,0.008400000000000005,0.07462702257739331
2001-12-01,-0.003945885005637084,-0.009,0.012800000000000006,0.0072163166461148304
2002-01-01,0.002263723825693287,0.0175,0.013200000000000003,-0.015813511832846336
2002-02-01,0.0039525691699606735,0.013000000000000001,0.013800000000000007,-0.020881564906035908
2002-03-01,0.0056242969628796935,-0.029500000000000002,0.012999999999999998,0.036581309262779214
2002-04-01,0.005592841163311046,0.0253,0.012700000000000003,-0.06169247611726486
2002-05-01,0.0,0.011300000000000001,0.013399999999999995,-0.009237006742142161
2002-06-01,0.0005561735261401246,0.0073,0.013200000000000003,-0.07241437544915588
2002-07-01,0.0011117287381878782,0.0094,0.013700000000000004,-0.0790361088152704
2002-08-01,0.003331482509716821,0.045200000000000004,0.0121,0.004925905573274726
2002-09-01,0.0016602102933038765,0.033,0.012500000000000004,-0.10979856186328256
2002-10-01,0.0016574585635360517,-0.024,0.014100000000000001,0.08653051392180407
2002-11-01,0.0,0.013000000000000001,0.013100000000000014,0.0572920925400827
2002-12-01,-0.0022062879205736463,0.0361,0.012399999999999994,-0.059910111652287996
2003-01-01,0.004422332780541716,0.0021000000000000003,0.011799999999999998,-0.02684444408841047
2003-02-01,0.007705008255366019,0.0264,0.011099999999999992,-0.01630125299344486
2003-03-01,0.006007646095030017,-0.008,0.010600000000000012,0.008951606932234069
2003-04-01,-0.0021715526601518986,0.0229,0.011099999999999992,0.08151683220128969
2003-05-01,-0.0016322089227421843,0.0471,0.0116,0.051398345477502785
2003-06-01,0.0010899182561308063,-0.0143,0.01220000000000001,0.011714939355779275
2003-07-01,0.0010887316276537717,-0.0881,0.01129999999999999,0.016885349582603494
2003-08-01,0.0038064165307232223,0.0219,0.011299999999999998,0.01853277319358774
2003-09-01,0.003250270855904569,0.050300000000000004,0.010700000000000001,-0.01135656661235338
2003-10-01,-0.001079913606911398,-0.020300000000000002,0.010299999999999997,0.05559807781194107
2003-11-01,-0.002702702702702675,0.005200000000000001,0.010100000000000005,0.007776609448761607
2003-12-01,-0.0010840108401083404,0.013900000000000001,0.009800000000000003,0.05126837723498081
2004-01-01,0.004883342376559741,0.0187,0.009000000000000001,0.017872913883727616
2004-02-01,0.005399568034557323,0.0178,0.007699999999999992,0.012905386049078139
2004-03-01,0.0064446831364124435,0.0118,0.007800000000000001,-0.01592525917167086
2004-04-01,0.0032017075773744796,-0.0534,0.007300000000000001,-0.016219877052407437
2004-05-01,0.005851063829787284,-0.0071,0.007100000000000002,0.01285235715952997
2004-06-01,0.0031729243786355887,0.0093,0.0076999999999999985,0.018547872164677816
2004-07-01,-0.001581444385872377,0.0184,0.007999999999999993,-0.03386933590125629
2004-08-01,0.000527983104540608,0.0395,0.008100000000000003,0.002619388367855236
2004-09-01,0.0021108179419524475,0.0101,0.00809999999999999,0.00969665834557697
2004-10-01,0.00526592943654558,0.0164,0.007400000000000004,0.014334055222896425
2004-11-01,0.0005238344683080598,-0.02,0.0068000000000000005,0.038468587946717314
2004-12-01,-0.003664921465968529,0.0257,0.006800000000000007,0.03219498758141431
2005-01-01,0.0021019442984759884,0.0277,0.006599999999999995,-0.025500489384782398
2005-02-01,0.0057682223387520715,-0.0112,0.006199999999999997,0.018685625808815987
2005-03-01,0.007820646506777829,-0.0125,0.006599999999999988,-0.019790041652487222
2005-04-01,0.0067252974650799935,0.0327,0.007199999999999998,-0.02073488003430003
2005-05-01,-0.0010277492291880241,0.0295,0.008599999999999997,0.02899919699385141
2005-06-01,0.0005144032921811093,0.0141,0.009000000000000008,-0.000978977063332196
2005-07-01,0.004627249357326502,-0.0244,0.008900000000000005,0.03499337389287978
2005-08-01,0.0051177072671442225,0.0233,0.0087,-0.012768252527687648
2005-09-01,0.012219959266802416,-0.031,0.009000000000000001,0.005505023568774706
2005-10-01,0.002012072434607548,-0.0204,0.009500000000000001,-0.01894121374374421
2005-11-01,-0.008032128514056214,0.0099,0.0097,0.033551241677328585
2005-12-01,-0.004048582995951344,0.0225,0.009500000000000008,-0.002669300655450699
2006-01-01,0.007621951219512146,-0.0093,0.009500000000000001,0.023425428028971466
2006-02-01,0.0020171457387794245,0.0128,0.009199999999999993,-0.0014766544711598967
2006-03-01,0.005535983895319729,-0.0404,0.008800000000000002,0.008862140269074318
2006-04-01,0.008508508508508372,-0.0224,0.008399999999999998,0.010018189736434473
2006-05-01,0.00496277915632759,-0.002,0.008,-0.03369343094999169
2006-06-01,0.0019753086419753707,0.0039,0.008900000000000005,-0.002375773216644946
2006-07-01,0.0029571217348447476,0.0237,0.009099999999999997,0.0026299901638133817
2006-08-01,0.0019656019656020263,0.0361,0.009100000000000004,0.018600312477739172
2006-09-01,-0.004904364884747436,0.0183,0.0092,0.021969437265993978
2006-10-01,-0.005421389847215297,0.0127,0.009099999999999997,0.028881161598107268
2006-11-01,-0.0014866204162538033,0.0246,0.0087,0.013731505928811432
2006-12-01,0.0014888337468983437,-0.0232,0.008999999999999994,0.010077830498044008
2007-01-01,0.0030525272547075044,-0.0051,0.009399999999999992,0.011112674701314787
2007-02-01,0.005350367559876723,0.0287,0.008900000000000012,-0.024148046345285088
2007-03-01,0.009105695851085338,-0.0231,0.009699999999999993,0.007175175995717235
2007-04-01,0.006496162686508988,0.014,0.0092,0.04033652846166254
2007-05-01,0.006110718674704696,-0.0178,0.0092,0.029861764406261752
2007-06-01,0.0019379751766057662,-0.0148,0.009100000000000004,-0.020365660624811596
2007-07-01,-0.0002543772078021922,-0.0032,0.0092,-0.03446790776288566
2007-08-01,-0.0018339022270870142,0.0152,0.008600000000000003,0.010173590506387536
2007-09-01,0.002755907405358915,0.0135,0.0085,0.034066519191817336
2007-10-01,0.002139191328121237,0.0088,0.008200000000000006,0.013086863489096026
2007-11-01,0.005939617873415681,0.0079,0.009599999999999997,-0.04589727993497554
2007-12-01,-0.000670863129647814,0.0028,0.0116,-0.009754624146860423
2008-01-01,0.004970576472604682,0.0017,0.0121,-0.06157559028410454
2008-02-01,0.0029041121849535667,-0.0071,0.012899999999999995,-0.03430059253582999
2008-03-01,0.008668212930989627,-0.0059,0.013800000000000007,-0.00587648787055025
2008-04-01,0.006064778389719416,0.0091,0.014199999999999997,0.047457067311885724
2008-05-01,0.00842088603175628,-0.0277,0.013600000000000001,0.010574604396183653
2008-06-01,0.010076996934894167,-0.0061,0.013900000000000003,-0.08579311080593607
2008-07-01,0.005251011128121874,-0.0109,0.014899999999999997,-0.00946837852608434
2008-08-01,-0.00399156225564179,0.0121,0.01510000000000001,0.0127617999506234
2008-09-01,-0.0013830185406644713,-0.0863,0.016599999999999997,-0.09022991138027164
2008-10-01,-0.01010133328457874,-0.045,0.025999999999999995,-0.16775586061392964
2008-11-01,-0.019152895328595876,0.1174,0.03090000000000001,-0.07249510523454897
2008-12-01,-0.010342473814287434,0.156,0.033800000000000004,0.010440534191590745
2009-01-01,0.004352417375421025,-0.0949,0.030900000000000004,-0.08283110386552606
2009-02-01,0.004972933035904736,-0.0308,0.0281,-0.10689869083939176
2009-03-01,0.0024317484554154944,-0.0018,0.029199999999999997,0.08805114997498384
2009-04-01,0.002496368277788097,-0.003,0.030000000000000006,0.09637444033649566
2009-05-01,0.0028887638341774657,0.0489,0.025200000000000007,0.05545209077965807
2009-06-01,0.008589892263953347,0.035,0.018899999999999993,0.002415847130135418
2009-07-01,-0.0015855869221532704,0.0565,0.016800000000000002,0.07615400788808001
2009-08-01,0.002242850044810618,0.0235,0.013199999999999996,0.035457760893652365
2009-09-01,0.0006254806934959944,0.0273,0.011799999999999991,0.037507583696861455
2009-10-01,0.000963101185818438,0.0016,0.011399999999999993,-0.017879903947340514
2009-11-01,0.0007077533687673832,0.0044,0.011300000000000004,0.059106043890381654
2009-12-01,-0.001761198169463296,-0.0275,0.011100000000000006,0.01934496177140853
2010-01-01,0.0034174735701484327,0.0095528,0.009899999999999999,-0.03524857244793511
2010-02-01,0.0002492073820765661,0.00388,0.009899999999999999,0.030178941677935223
2010-03-01,0.004106283536571276,0.0045083,0.009999999999999995,0.06025724194035263
2010-04-01,0.001736884910697345,0.0357402,0.009599999999999997,0.016200612430490747
2010-05-01,0.000775197354237811,-0.0051031,0.0109,-0.08039360906312855
2010-06-01,-0.0009762670846739097,0.0519454,0.013500000000000005,-0.05220067605930247
2010-07-01,0.00021104305737162932,0.0169798,0.012900000000000002,0.07035284586830202
2010-08-01,0.0013806642784079948,0.0473188,0.011700000000000002,-0.04578234962405482
2010-09-01,0.0005817362307156682,-0.0143948,0.011300000000000004,0.08908337708373136
2010-10-01,0.0012451988884769616,-0.0202745,0.010400000000000006,0.03833902044159786
2010-11-01,0.0004206464238194485,-0.0057274,0.010500000000000002,-0.0007947223283915172
2010-12-01,0.001718440789203024,-0.0036191,0.010800000000000004,0.06670613361839604
2011-01-01,0.004763230053974166,-0.0198,0.010499999999999995,0.024033463238959153
2011-02-01,0.00493136502545144,0.0157,0.00930000000000001,0.03331307309847785
2011-03-01,0.0097510720305094,-0.0072,0.009000000000000001,0.00032542338229267785
2011-04-01,0.006439429535457064,0.0239,0.008599999999999997,0.0299458171487339
2011-05-01,0.004704187527233561,0.0257,0.008200000000000006,-0.012011826518315005
2011-06-01,-0.0010709670566992902,-0.021,0.007600000000000003,-0.01672157357985582
2011-07-01,0.0008860456667936223,0.0473,0.008300000000000002,-0.01988673892421222
2011-08-01,0.0027575889023645495,0.024,0.009899999999999999,-0.05518866098783061
2011-09-01,0.0015184621156945077,0.0575,0.011799999999999998,-0.06990733773316571
2011-10-01,-0.0020626826333582926,0.0094,0.013899999999999996,0.10942492310774643
2011-11-01,-0.0008435613304419443,-0.0356,0.012699999999999996,-0.0033203955313736433
2011-12-01,-0.0024665163771382392,0.0512,0.013199999999999996,0.01028377211427367
2012-01-01,0.004400191428267641,0.0194,0.013800000000000007,0.045280549658951896
2012-02-01,0.004402973551276279,0.0057,0.012899999999999995,0.04223964536887492
2012-03-01,0.0075945586239309915,-0.0303,0.012400000000000001,0.032950740206769025
2012-04-01,0.0030210295040804525,0.0251,0.012300000000000005,-0.0058476930924737935
2012-05-01,-0.0011734793663211729,0.0344,0.012700000000000003,-0.06097009784821851
2012-06-01,-0.0014663968844504938,0.0064,0.013799999999999993,0.041287463711979555
2012-07-01,-0.0016297858618254946,0.0612,0.014699999999999998,0.014334203276810564
2012-08-01,0.005565158181437102,-0.0093,0.014300000000000007,0.021391351216646582
2012-09-01,0.004462212267611232,-0.0126,0.013499999999999998,0.02584767827068334
2012-10-01,-0.00038892514055322014,0.0206,0.011099999999999999,-0.01811066777358351
2012-11-01,-0.00473808669488196,-0.0092,0.010099999999999998,0.0045528897570927705
2012-12-01,-0.002693064490207231,-0.0062,0.009800000000000003,0.008794092391172226
2013-01-01,0.002957304192926058,-0.0313,0.009300000000000003,0.052182233580711834
2013-02-01,0.008190029529268728,0.0093,0.009499999999999995,0.012811446369338952
2013-03-01,0.0026145085843749527,-0.0018,0.009199999999999993,0.03769313474965186
2013-04-01,-0.0010396394770870732,0.0349,0.008599999999999997,0.019780877082327786
2013-05-01,0.0017804077735872337,-0.0536,0.008399999999999998,0.022443081050442792
2013-06-01,0.002399708085599528,-0.0371,0.009200000000000007,-0.01327347746908869
2013-07-01,0.0003939975332329926,0.0031,0.009800000000000003,0.05112536350092767
2013-08-01,0.0012029315570472043,-0.0074,0.008799999999999995,-0.02956167190471548
2013-09-01,0.001163004485263519,0.0014,0.008300000000000002,0.031454445068493486
2013-10-01,-0.002575283259804717,0.0211,0.0077999999999999944,0.046237242344364216
2013-11-01,-0.002042424190523473,-0.0086,0.0075,0.02965520381033171
2013-12-01,-8.58114978825597e-05,0.0002,0.007600000000000003,0.0251404500382455
2014-01-01,0.003720247673236088,0.0331,0.006999999999999999,-0.03392781633442443
2014-02-01,0.003697908650968751,0.0168,0.006499999999999992,0.044722162774044394
2014-03-01,0.006440044126228228,0.0062,0.0068000000000000005,0.008544563895668711
2014-04-01,0.003296754453157691,0.016,0.006600000000000002,0.007820267110175472
2014-05-01,0.0034926098400485106,0.0188,0.005999999999999998,0.022633046087628506
2014-06-01,0.0018621269440941557,0.002,0.005499999999999998,0.020647441458789606
2014-07-01,-0.0003901939641608454,0.0024,0.005700000000000004,-0.013450377445499484
2014-08-01,-0.0016705141657922251,0.0356,0.006100000000000001,0.03924112048165074
2014-09-01,0.0007525688243108508,-0.0271,0.006899999999999996,-0.013887382171480667
2014-10-01,-0.0025122778125539202,0.0225,0.0077000000000000055,0.02480410840127223
2014-11-01,-0.005399417941061246,0.0173,0.0087,0.026110602903027136
2014-12-01,-0.005670100910010967,0.0183,0.009500000000000001,-0.002592063267348732
2015-01-01,-0.004705892373473297,0.0599,0.009900000000000006,-0.029374275851624887
2015-02-01,0.0043430449237722435,-0.032,0.009000000000000001,0.05649036166245924
2015-03-01,0.00595172161109736,0.0058,0.009000000000000001,-0.01575165242317178
2015-04-01,0.002032873254587786,-0.0223,0.009600000000000004,0.010163839382023365
2015-05-01,0.0050972320254947245,-0.0204,0.009099999999999997,0.012129672987863493
2015-06-01,0.003502869998528224,-0.032,0.009399999999999992,-0.019325625596804508
2015-07-01,6.7047159295619e-05,0.0239,0.010500000000000002,0.02140558030021067
2015-08-01,-0.0014162762828194841,-0.0067,0.011500000000000003,-0.0607953885163427
2015-09-01,-0.0015567565753034085,0.013300000000000001,0.012699999999999996,-0.024597791136905856
2015-10-01,-0.00044968375044651676,0.002,0.013899999999999996,0.0846985049972282
2015-11-01,-0.0021106803790814643,0.002,0.014000000000000005,0.002231107207144589
2015-12-01,-0.0034170964371187385,0.0,0.014900000000000004,-0.015861220635062578
2016-01-01,0.0016531022090686687,0.0067,0.014499999999999999,-0.04896481946852484
2016-02-01,0.000823076533454925,0.0232,0.0138,-0.0024430873040064637
2016-03-01,0.004306000143392774,0.0423,0.0131,0.06756624941603959
2016-04-01,0.004741067979104008,0.0146,0.011699999999999995,0.00437758547894872
2016-05-01,0.004045790998115084,0.0016,0.010299999999999997,0.01698376187577576
2016-06-01,0.0032843661672818936,0.0377,0.010299999999999997,0.002476085826920138
2016-07-01,-0.001618136404749948,0.0245,0.009399999999999999,0.03712157886794396
2016-08-01,0.0009184301078843937,0.0016,0.0092,0.00030192528797943227
2016-09-01,0.002403995864628916,-0.0119,0.009000000000000001,0.00029599420537083107
2016-10-01,0.0012467485130143174,-0.0263,0.0087,-0.01785204908902107
2016-11-01,-0.0015554608673349346,-0.051,0.008500000000000008,0.035797940870559083
2016-12-01,0.0003273213923173923,0.0059,0.0077000000000000055,0.01960181380481104
2017-01-01,0.0058277278902547636,-0.0021,0.007400000000000004,0.019163876396200052
2017-02-01,0.0031461173864164582,0.0212,0.006899999999999996,0.03842542282527779
2017-03-01,0.0008127978719472129,-0.0062,0.006699999999999998,0.000946714826491191
2017-04-01,0.002965533365326678,0.0176,0.007000000000000006,0.010222129123653223
2017-05-01,0.0008547218268963874,0.0226,0.006999999999999999,0.012598143521583994
2017-06-01,0.0009071110148610728,0.0108,0.006900000000000003,0.005837486484246025
2017-07-01,-0.0006899226388520363,0.006,0.0068999999999999895,0.02025244532519569
2017-08-01,0.0029944522971085963,0.015300000000000001,0.0068000000000000005,0.001259898748910205
2017-09-01,0.005294905893230117,-0.0037,0.006699999999999998,0.01999640903848111
2017-10-01,-0.0006320421037276924,0.0076,0.007199999999999998,0.02285516399636135
2017-11-01,2.4324685907517463e-05,0.002,0.006999999999999999,0.0044894195016979225
2017-12-01,-0.0005878322772623346,0.0256,0.007099999999999995,0.03496771178663706
2018-01-01,0.0054477454527752656,-0.024300000000000002,0.007100000000000002,0.056533248570058585
2018-02-01,0.004534689974865724,-0.0313,0.006900000000000003,-0.03852290355090738
2018-03-01,0.002261125904149175,0.0124,0.0076999999999999985,-0.026506655285220136
2018-04-01,0.003975091563348965,-0.02,0.008199999999999999,0.0029027374966582153
2018-05-01,0.004158916925434797,0.013999999999999999,0.008300000000000002,0.02176892469811438
2018-06-01,0.001593875701543901,-0.0124,0.008700000000000006,0.005005539455048847
2018-07-01,6.746326228523891e-05,0.0101,0.0092,0.035943679319480774
2018-08-01,0.0005555423283571947,0.0058,0.008899999999999991,0.030153513002204636
2018-09-01,0.0011620251758901468,-0.012,0.008999999999999994,0.004291079537211586
2018-10-01,0.001766763455725906,-0.0323,0.009300000000000003,-0.06968051648001848
2018-11-01,-0.0033493485181009808,0.0070999999999999995,0.010000000000000002,0.01766793159150473
2018-12-01,-0.0031939628151310684,0.037000000000000005,0.011100000000000006,-0.09189024541742184
2019-01-01,0.0019065966652469513,0.0277,0.0119,0.07825303415109895
2019-02-01,0.004227053140096748,-0.0074,0.0116,0.029561164950800547
2019-03-01,0.005641358356806014,0.048499999999999995,0.010700000000000001,0.01763943977067918
2019-04-01,0.0052950016128905375,-0.0089,0.010099999999999998,0.03877833842426658
2019-05-01,0.0021287585893843275,0.037599999999999995,0.009600000000000004,-0.06619120203422992
2019-06-01,0.00019914718148150712,0.0337,0.0104,0.06871870487137113
2019-07-01,0.0016709416224534035,0.0084,0.009900000000000006,0.012806754571169877
2019-08-01,-5.066823608290694e-05,0.0738,0.008899999999999998,-0.01807309716870138
2019-09-01,0.0007834485769300237,-0.019,0.008800000000000006,0.016983028261958546
2019-10-01,0.002286190552229783,0.0006,0.0091,0.020510885701708725
2019-11-01,-0.0005362430346691482,0.0014000000000000002,0.008799999999999995,0.0343831888522562
2019-12-01,-0.0009097695250538385,-0.0089,0.008700000000000003,0.028692052223996026
2020-01-01,0.003879769937814803,0.0519,0.008299999999999998,-0.0014118759905276434
2020-02-01,0.002740618131495287,0.027999999999999997,0.008300000000000002,-0.08364240481552257
2020-03-01,-0.002176451031784654,-0.0351,0.0127,-0.12439830036506375
2020-04-01,-0.006686941866997254,0.0347,0.016999999999999994,0.1285498627547088
2020-05-01,1.9501616683959e-05,0.0084,0.014499999999999999,0.046814579114473384
2020-06-01,0.005472046927775365,0.0146,0.012000000000000004,0.01989264599419881
2020-07-01,0.005058243501669724,0.061,0.011699999999999995,0.056514693507647915
2020-08-01,0.0031532105240814623,-0.048799999999999996,0.0102,0.07137238712660786
2020-09-01,0.0013927469432666317,0.0040999999999999995,0.010499999999999999,-0.03786965206570671
2020-10-01,0.0004149377593360981,-0.019,0.0109,-0.026270841949981538
2020-11-01,-0.0006106272178441063,0.0509,0.010000000000000002,0.10879103851480186
2020-12-01,0.0009414784670425114,0.0,0.009000000000000005,0.0383143992051873
