192607,3.4539,0.5623
192608,1.0124,7.7576
192609,-1.2906,-2.4284
192610,-2.7413,-5.8129
192611,4.2946,2.5636
192612,1.4887,2.4024
192701,-0.7756,4.2141
192702,3.4545,6.2731
192703,0.5845,-3.8361
192704,2.6984,-3.5345
192705,5.6929,4.7762
192706,-0.0607,-5.3613
192707,11.3288,13.4463
192708,5.5475,3.9099
192709,6.1583,5.5923
192710,-5.0438,-14.5457
192711,7.0786,8.0776
192712,2.8565,10.3769
192801,-1.2721,-5.0648
192802,-0.1501,-1.3892
192803,15.7618,16.7279
192804,1.424,3.3096
192805,2.0904,-3.8808
192806,-3.0501,-9.112
192807,1.5815,0.7709
192808,8.6838,4.9839
192809,3.3442,6.959
192810,1.5307,4.7495
192811,11.5523,17.8916
192812,0.5488,0.3681
192901,6.5712,0.0249
192902,-0.7916,3.4624
192903,-0.1714,0.7663
192904,2.0952,2.8638
192905,-5.633,-1.6714
192906,11.9075,4.7418
192907,2.9497,5.1378
192908,6.7578,6.8157
192909,-5.6283,-6.8662
192910,-24.6689,-7.4875
192911,-13.1881,-6.3322
192912,3.792,0.8787
193001,6.8371,-0.4104
193002,2.9883,4.9676
193003,6.5076,2.1312
193004,-0.8256,-7.3356
193005,0.7935,-0.7952
193006,-17.7473,-9.6586
193007,5.2032,10.2405
193008,1.351,-24.0437
193009,-12.6289,-28.0576
193010,-10.0434,-99
193011,-2.4435,-12.5
193012,-5.4332,-99
193101,4.3612,34.6939
193102,13.8851,42.4242
193103,-3.7301,-19.6809
193104,-9.0074,-23.8411
193105,-11.6142,-22.6087
193106,12.8132,40.4494
193107,-5.3258,-99
193108,0.0614,8.4337
193109,-29.28,-45.5556
193110,9.3606,20.4082
193111,-5.8113,-6.7797
193112,-10.5654,-30.9091
193201,-3.6929,7.8947
193202,7.2592,14.6341
193203,-10.971,2.1277
193204,-18.1767,-22.9167
193205,-20.4176,-10.8108
193206,-3.1255,21.2121
193207,26.5359,98.0392
193208,30.9221,65.3465
193209,0.5101,15.5689
193210,-11.3331,-30.0518
193211,-3.2596,-31.1111
193212,7.2393,15.0538
193301,-0.3123,14.9533
193302,-14.6858,-24.3902
193303,-0.1507,7.5269
193304,32.5595,52
193305,17.2687,25
193306,11.1486,4.7368
193307,-8.4245,-7.5876
193308,8.8207,23.655
193309,-9.8922,-27.2596
193310,-6.7924,-19.1524
193311,9.9667,9.1554
193312,1.8935,7.9203
193401,9.7599,37.913
193402,-2.4166,-5.3839
193403,-0.0423,0.5379
193404,-2.0314,-5.7601
193405,-6.4137,-18.7982
193406,2.1943,4.8717
193407,-7.0614,-30.843
193408,5.5843,8.5384
193409,0.0835,2.3732
193410,0.6224,-7.2439
193411,10.4393,3.6748
193412,0.7936,-4.2897
193501,-1.9557,-14.034
193502,0.2363,-13.7848
193503,-3.5448,-7.109
193504,7.0951,15.1017
193505,2.7273,7.3971
193506,6.7185,17.1331
193507,7.4122,10.7007
193508,2.7472,5.307
193509,5.4256,0.6884
193510,6.4564,6.2252
193511,2.5964,19.9586
193512,2.4057,8.5821
193601,3.278,18.4138
193602,1.9197,2.9828
193603,3.5731,-3.3782
193604,-6.8552,-8.5598
193605,5.4555,6.8514
193606,4.128,2.1548
193607,5.9358,9.785
193608,-0.0213,3.7327
193609,0.385,-0.5962
193610,6.9425,5.3526
193611,3.095,-3.4016
193612,-2.4262,-0.2607
193701,3.7371,11.0592
193702,-0.4111,9.9672
193703,-1.9747,7.4544
193704,-6.9425,-10.1009
193705,0.6884,-2.7566
193706,-4.4823,-7.7032
193707,8.6951,11.1851
193708,-2.9915,-8.1068
193709,-11.2927,-20.2262
193710,-10.3522,-17.6606
193711,-8.7958,-8.7113
193712,-3.7217,-5.0026
193801,1.5081,-2.1417
193802,6.141,6.0823
193803,-23.2039,-32.6028
193804,12.8929,11.2414
193805,-3.2504,-4.3035
193806,25.6752,33.0006
193807,7.8369,11.2485
193808,0.3802,-7.4559
193809,1.3303,-2.3083
193810,6.7539,17.5364
193811,-1.6659,-2.6676
193812,3.4066,12.805
193901,-5.8403,-13.0314
193902,2.7393,8.3546
193903,-10.8338,-24.5218
193904,-0.4703,-3.7457
193905,6.9428,10.2164
193906,-4.2616,-13.9625
193907,10.9897,16.5304
193908,-5.5952,-13.9595
193909,12.6646,53.9451
193910,-0.1439,-4.6446
193911,-2.049,-11.7318
193912,3.6164,1.8858
194001,-2.1533,-7.185
194002,0.8154,1.7871
194003,2.4913,2.8063
194004,0.0773,-1.8316
194005,-21.5109,-26.2107
194006,4.5538,18.3487
194007,3.8914,2.056
194008,3.0394,3.8882
194009,3.4775,3.4851
194010,0.1118,9.5839
194011,-2.653,-7.113
194012,0.2052,2.3815
194101,-5.7894,-0.628
194102,-1.439,0.9805
194103,0.4862,4.0717
194104,-6.4,-0.4959
194105,1.0502,-0.346
194106,6.6382,1.9128
194107,4.1465,11.1998
194108,0.8749,-5.1218
194109,0.2499,-2.6972
194110,-6.7665,-1.8263
194111,-1.8858,-2.691
194112,-3.3871,-6.8633
194201,-2.995,13.8899
194202,-2.6092,-1.0914
194203,-5.5719,-7.186
194204,-3.3395,-0.1644
194205,8.2427,-4.6572
194206,4.4703,5.7075
194207,1.9632,7.8518
194208,1.1782,5.5225
194209,2.9776,5.6691
194210,4.9746,13.3827
194211,1.0607,-6.5417
194212,5.8747,3.8265
194301,5.6089,11.7864
194302,3.5703,12.3767
194303,3.6248,10.6916
194304,-0.7386,3.976
194305,5.3826,5.0958
194306,2.0144,0.7517
194307,-5.4779,-4.3526
194308,1.4077,1.1736
194309,2.4974,3.2422
194310,-1.7459,-0.8588
194311,-4.8076,-12.768
194312,5.3055,7.8386
194401,0.6633,9.1275
194402,0.0969,4.7096
194403,2.6772,5.0739
194404,-1.2439,-1.2181
194405,4.4244,6.9633
194406,5.5149,5.2524
194407,-1.9723,-0.5295
194408,1.7379,0.1025
194409,0.484,0.1527
194410,-0.2982,0.8241
194411,1.0686,3.8827
194412,2.1536,11.8035
194501,1.0247,1.1586
194502,5.2451,8.837
194503,-3.8402,-3.6548
194504,7.6007,11.0384
194505,1.6437,1.5367
194506,-2.0803,2.0752
194507,-1.3801,-4.5359
194508,8.9008,2.5879
194509,5.0524,5.779
194510,2.0864,4.3259
194511,2.1188,9.1421
194512,1.7645,-1.0358
194601,6.1447,7.8356
194602,-5.8644,-7.6093
194603,4.5901,3.8128
194604,3.4075,1.8983
194605,2.5552,5.6884
194606,-4.3054,-2.7736
194607,-2.1116,-2.5025
194608,-5.9585,-6.7107
194609,-9.8048,-13.0861
194610,-2.3752,0.9772
194611,-0.2505,-0.7096
194612,5.2999,3.6553
194701,2.3791,1.3864
194702,0.6994,-2.4915
194703,-1.7298,-2.1532
194704,-4.7241,-3.8912
194705,-0.8517,-2.1204
194706,6.1342,4.3785
194707,3.3851,7.2487
194708,-1.7635,-2.9698
194709,-0.5685,-0.5747
194710,1.7815,3.5963
194711,-1.7221,-1.4663
194712,1.6615,7.4974
194801,-4.8956,-4.2191
194802,-4.5961,-3.8117
194803,7.3012,10.5421
194804,1.9796,7.7928
194805,8.6767,7.6605
194806,-0.4512,2.8745
194807,-5.1498,-5.3409
194808,1.1105,1.3294
194809,-2.4419,-2.824
194810,6.4174,6.5098
194811,-8.2861,-14.0692
194812,5.2845,2.2692
194901,0.7646,1.7705
194902,-2.5913,-5.6209
194903,4.3291,4.063
194904,-1.9567,-2.0919
194905,-1.9027,-5.7929
194906,1.1257,-3.1749
194907,5.5791,7.2057
194908,2.8675,2.0008
194909,2.8225,4.2442
194910,3.6555,2.0617
194911,3.3359,2.1295
194912,5.8787,7.3646
195001,0.9148,5.6445
195002,2.0084,1.3857
195003,1.9653,-0.2297
195004,5.3265,4.3014
195005,4.9076,2.16
195006,-5.5822,-7.1951
195007,-3.9019,12.8347
195008,6.6912,2.8199
195009,5.3069,3.1557
195010,0.1316,4.6212
195011,2.7038,2.454
195012,3.1073,10.423
195101,4.7304,10.2315
195102,2.523,-2.7346
195103,-0.5296,-4.8707
195104,4.6592,7.8191
195105,-2.2637,-4.7383
195106,-2.0059,-6.656
195107,7.0261,10.8361
195108,3.7271,4.7391
195109,0.4758,1.8588
195110,-4.2634,-3.418
195111,0.7189,1.6495
195112,4.9877,1.474
195201,-0.2306,3.5184
195202,-2.3192,-3.4794
195203,4.8272,7.3276
195204,-4.7169,-5.8802
195205,4.1363,3.4373
195206,4.0645,7.0357
195207,1.3153,1.391
195208,-0.7608,-1.3016
195209,-1.5,-2.069
195210,-0.9303,-0.3365
195211,7.3243,8.2946
195212,3.1971,4.7949
195301,-0.9809,1.2303
195302,-0.6478,-1.221
195303,-1.2867,-2.9006
195304,-2.7955,-1.6808
195305,0.8476,1.9613
195306,-1.7376,-1.2403
195307,2.8233,1.5287
195308,-3.5504,-9.5824
195309,1.2269,-1.6235
195310,5.2949,3.5617
195311,3.8773,2.4259
195312,0.6818,-4.846
195401,3.4446,7.9751
195402,1.7542,2.3593
195403,4.4689,0.6813
195404,5.5862,1.3778
195405,2.8049,7.4444
195406,3.1681,-0.7484
195407,3.7741,8.7895
195408,-3.4465,-5.0369
195409,7.4982,3.4924
195410,-2.429,0.4665
195411,10.3657,15.5168
195412,3.9366,15.5735
195501,-0.1771,1.8377
195502,2.8936,5.1598
195503,-0.0625,0.6816
195504,4.7003,4.6863
195505,2.4961,1.4179
195506,7.4867,5.0158
195507,2.3535,0.2073
195508,0.7594,2.0875
195509,0.0359,-3.6795
195510,-3.5481,-3.8406
195511,8.368,11.5269
195512,1.6634,-2.1117
195601,-4.4717,-2.9389
195602,5.3985,3.3063
195603,7.0053,8.8277
195604,-0.7884,0.6532
195605,-4.9286,-8.6072
195606,5.3948,1.864
195607,4.6016,3.0357
195608,-3.1521,-4.6376
195609,-6.2568,-2.98
195610,0.7389,1.7167
195611,-0.5035,-2.4655
195612,3.474,1.9916
195701,-4.8849,-0.6833
195702,-1.6237,-4.0376
195703,2.6257,2.2259
195704,5.6241,1.9004
195705,5.0906,2.8379
195706,0.4078,0.3125
195707,1.5408,1.2071
195708,-5.4226,-4.9401
195709,-6.8547,-8.4278
195710,-3.6327,-7.5273
195711,2.8452,-4.1556
195712,-3.6419,-6.7648
195801,2.9108,11.8597
195802,-1.9786,-3.2914
195803,3.1963,1.3388
195804,3.0389,6.2848
195805,1.8397,4.0538
195806,2.9527,3.2276
195807,5.1009,7.8279
195808,1.8133,2.0733
195809,4.8443,8.6157
195810,2.3317,3.5389
195811,3.2786,3.2542
195812,5.2812,4.826
195901,-1.0936,5.3693
195902,0.7566,2.1327
195903,0.673,-0.3399
195904,5.8088,3.3422
195905,3.4056,4.7076
195906,-0.4834,2.6185
195907,4.2776,0.7904
195908,-1.3803,2.5757
195909,-4.6288,-5.6151
195910,1.1061,-0.754
195911,4.1662,-0.0004
195912,3.1474,6.2723
196001,-9.1123,-7.5427
196002,2.3182,-3.9504
196003,-0.4052,-7.1592
196004,-1.072,-3.7258
196005,5.0461,-0.9292
196006,2.4107,2.6907
196007,-4.0862,-0.0814
196008,2.6585,2.5059
196009,-7.0995,-3.7524
196010,-0.6665,2.2192
196011,5.2843,4.5695
196012,3.324,3.3538
196101,4.2217,9.9218
196102,3.7025,2.3187
196103,1.8965,1.5516
196104,-0.6435,4.9733
196105,3.2487,1.4375
196106,-1.4309,-2.986
196107,1.8724,2.9104
196108,4.1855,3.6876
196109,-0.6459,-0.2719
196110,3.5238,0.7679
196111,3.2945,4.0618
196112,-1.5328,0.0277
196201,-5.863,0.0528
196202,1.6837,1.7654
196203,0.3226,-3.6415
196204,-7.9851,-5.4893
196205,-10.3187,-5.9373
196206,-10.4944,-6.926
196207,8.6293,3.294
196208,2.7656,3.6833
196209,-5.2369,-4.6272
196210,1.2758,2.1041
196211,10.9911,14.0759
196212,1.3696,0.9532
196301,5.2545,5.6531
196302,-3.2384,-1.169
196303,3.7213,5.0549
196304,4.8471,8.4429
196305,3.1848,5.7726
196306,-3.2029,-0.359
196307,0.1401,-1.1026
196308,5.771,6.3824
196309,-1.3721,-3.4963
196310,5.3261,0.4857
196311,-1.2561,1.3455
196312,2.6237,2.1308
196401,3.0934,1.6235
196402,1.8224,3.751
196403,1.1585,0.1494
196404,0.2273,2.4177
196405,2.0659,3.3864
196406,0.9729,2.4156
196407,2.5914,0.8222
196408,-1.2629,-2.7371
196409,3.0996,6.9184
196410,0.3437,3.6739
196411,1.0391,-4.8657
196412,0.8399,-1.2581
196501,4.71,3.5078
196502,0.1697,-1.0988
196503,-1.3119,0.2936
196504,4.5926,4.333
196505,-0.726,-3.5541
196506,-4.4268,-5.4288
196507,1.5245,5.0599
196508,3.2621,2.3953
196509,3.9272,3.2515
196510,3.1384,5.4816
196511,-0.3037,-2.275
196512,1.0103,2.9558
196601,-0.3719,3.4997
196602,-1.3268,-2.0557
196603,-1.474,-4.5021
196604,2.1117,1.9991
196605,-4.1889,-5.4507
196606,-1.9986,-0.6948
196607,-1.6864,-1.326
196608,-7.1873,-7.9624
196609,-1.3094,-1.6179
196610,2.9392,6.5077
196611,3.6719,-1.0731
196612,-0.871,-0.1227
196701,7.7322,13.7899
196702,2.3014,-1.33
196703,4.2598,5.3175
196704,6.8866,1.7638
196705,-5.6526,-3.6596
196706,1.4221,3.0943
196707,4.4462,6.4583
196708,-0.5742,1.338
196709,3.8,0.2472
196710,-0.2537,-6.5113
196711,1.32,0.0559
196712,1.9513,2.7927
196801,-6.2775,-3.855
196802,-3.0151,-1.8996
196803,3.0891,2.0264
196804,10.7421,10.5079
196805,2.2627,4.6471
196806,-0.0783,-1.5962
196807,-5.2814,1.1425
196808,1.103,2.8958
196809,2.0355,8.3027
196810,-1.7441,1.1467
196811,6.2652,3.8015
196812,-5.3369,-3.0284
196901,-2.1518,1.6207
196902,-3.3489,-6.2234
196903,4.221,4.9125
196904,3.7241,0.8245
196905,-0.4876,0.6341
196906,-1.5913,-8.4542
196907,-4.0686,-5.6221
196908,7.0342,1.9329
196909,-0.4799,-4.5823
196910,5.9601,3.7667
196911,-1.4025,-1.9489
196912,0.977,-5.2323
197001,-8.4892,-4.2748
197002,3.5393,8.1662
197003,-2.4577,1.6308
197004,-10.5209,-7.9814
197005,-8.0959,-4.022
197006,-6.2626,-8.1687
197007,4.3922,6.1429
197008,3.9889,6.1977
197009,7.1793,4.3883
197010,-0.0834,-3.7701
197011,5.1627,5.6782
197012,4.6849,6.912
197101,4.0971,4.0309
197102,2.3371,1.2515
197103,5.8573,2.5005
197104,3.6288,6.1543
197105,-2.4319,-3.6535
197106,1.2369,-0.2821
197107,-3.9818,-5.4874
197108,5.4018,13.5874
197109,0.3387,-2.1494
197110,-3.4926,-4.0156
197111,1.1001,0.2834
197112,8.4533,8.9392
197201,2.7529,6.383
197202,4.6021,0.064
197203,2.5899,2.8601
197204,0.8988,-1.088
197205,3.3767,-2.6657
197206,-0.6541,-6.6736
197207,1.6293,-1.6451
197208,0.664,6.1542
197209,0.2125,-3.754
197210,0.9864,1.057
197211,1.5477,13.8047
197212,3.7105,-2.6384
197301,-1.546,-4.3609
197302,-2.1154,-3.3765
197303,-0.8559,1.5699
197304,-5.9404,-2.7667
197305,0.1849,-5.6095
197306,-0.379,-2.0291
197307,5.4012,4.2202
197308,-3.5474,0.7817
197309,-0.1193,8.2683
197310,0.4563,2.5475
197311,-10.7072,-8.2484
197312,-2.0518,11.1342
197401,-2.0148,-0.0824
197402,-1.348,3.8127
197403,-1.5556,-4.7587
197404,-3.0502,-5.4214
197405,-0.3819,-7.8042
197406,-1.4878,1.5699
197407,-10.9922,-5.1037
197408,-9.9553,-8.6429
197409,-14.7521,-6.6263
197410,22.3391,1.3135
197411,-4.6107,-4.1065
197412,-3.7992,1.8779
197501,9.2216,15.6642
197502,9.6448,-3.2435
197503,2.689,6.1513
197504,5.6133,5.0217
197505,4.9949,0.9556
197506,3.5594,7.4251
197507,-8.1481,-1.5548
197508,-2.0153,-4.4637
197509,-4.5286,-5.3542
197510,7.1756,3.9012
197511,3.3425,4.68
197512,-2.6661,5.2476
197601,11.0322,15.1633
197602,-2.3126,9.4385
197603,2.9631,-1.0107
197604,-2.2602,1.1439
197605,-1.0609,1.3821
197606,4.461,2.9431
197607,-1.6182,2.6457
197608,-0.17,1.0591
197609,1.5701,-0.6227
197610,-2.5131,-4.0107
197611,-1.6614,4.3514
197612,3.9547,7.5952
197701,-7.7617,-0.1505
197702,-1.2471,-0.9339
197703,-1.5959,0.2214
197704,-2.2075,5.9926
197705,-2.3957,-3.0131
197706,5.9968,1.992
197707,-1.1963,-4.873
197708,1.1893,-4.2044
197709,-0.8625,-0.1115
197710,-4.4006,-3.5959
197711,3.535,4.6905
197712,0.0886,1.3481
197801,-6.22,-2.9303
197802,-3.0734,-3.6242
197803,1.1522,3.3967
197804,11.8524,5.2775
197805,1.3862,1.9846
197806,-1.1984,-0.8089
197807,7.4523,4.7714
197808,2.5816,0.1767
197809,-3.2346,0.9407
197810,-8.3288,-12.1532
197811,2.4967,2.6506
197812,3.5238,-0.6188
197901,2.2329,7.7113
197902,-3.9997,-2.9935
197903,4.9295,6.4913
197904,-0.0189,-0.9414
197905,-2.126,-1.3349
197906,2.2332,2.8405
197907,-0.4343,3.6669
197908,6.23,5.3039
197909,-1.7647,0.4915
197910,-6.2444,-7.1669
197911,5.2333,1.0008
197912,1.7342,2.2698
198001,3.3356,10.2286
198002,-4.4911,2.4902
198003,-6.1713,-12.8861
198004,2.9681,2.8631
198005,4.9534,6.1383
198006,2.2472,0.249
198007,11.1879,5.1539
198008,2.0542,0.0124
198009,3.1026,0.0968
198010,0.5648,0.6673
198011,10.5958,3.9162
198012,0.0954,-0.2127
198101,-6.0726,2.2706
198102,3.2788,-0.4732
198103,2.9721,8.1856
198104,-2.7168,-2.9635
198105,1.6342,0.7424
198106,-4.4196,0.5778
198107,1.7279,0.6027
198108,-6.1433,-0.3927
198109,-6.3761,0.4798
198110,7.8403,4.8069
198111,3.648,3.7671
198112,-2.9265,-1.7945
198201,-0.2507,1.4328
198202,-7.4233,-3.9196
198203,-3.4956,2.036
198204,6.6393,0.5463
198205,-4.0252,-1.258
198206,-2.8519,-2.8775
198207,0.6359,-1.8293
198208,11.2424,12.4624
198209,1.6767,0.1622
198210,11.5235,5.9471
198211,7.2306,1.6746
198212,2.3542,5.9237
198301,2.1044,2.7655
198302,2.3932,2.4051
198303,3.3111,1.8321
198304,6.6211,7.2351
198305,-1.0199,1.1688
198306,5.9021,0.6532
198307,-4.8416,-2.1701
198308,-0.6592,6.6197
198309,2.871,0.5044
198310,-2.4922,-0.6737
198311,1.1974,0.6209
198312,-0.0421,0.5409
198401,-5.6926,6.9788
198402,-3.7677,0.6789
198403,1.7899,-1.4558
198404,1.4271,2.4265
198405,-5.2046,-6.0545
198406,3.4786,5.3403
198407,0.311,-2.3278
198408,10.7691,12.5003
198409,-2.7789,3.2439
198410,0.8799,-1.5843
198411,-2.4611,1.4332
198412,2.5833,1.2162
198501,9.537,4.2824
198502,0.1852,2.7163
198503,-1.5582,1.5492
198504,-1.6826,3.0329
198505,5.6998,4.5905
198506,0.6719,2.3283
198507,0.5547,-2.3639
198508,-1.8147,0.7948
198509,-3.6497,-4.0215
198510,3.6335,6.3014
198511,10.0728,4.6884
198512,6.8785,4.3461
198601,0.3743,1.4471
198602,7.5827,7.186
198603,5.956,4.4592
198604,0.3246,-2.7394
198605,5.1454,5.6037
198606,2.1689,2.9899
198607,-7.0383,-2.6119
198608,4.5085,10.7879
198609,-10.2917,-6.4592
198610,4.9477,6.0545
198611,2.7329,1.652
198612,-1.7171,-2.9364
198701,13.3413,11.9224
198702,8.2035,-1.0734
198703,1.5556,4.8035
198704,-1.3506,-0.4975
198705,1.9066,0.5196
198706,4.7307,5.2802
198707,6.0609,3.0974
198708,4.8258,2.6312
198709,-2.172,-2.899
198710,-21.6389,-18.9918
198711,-9.6414,-7.5541
198712,8.3536,6.2563
198801,2.2766,8.8001
198802,4.5828,2.7738
198803,-4.5885,-1.0014
198804,-0.7787,2.3664
198805,0.0809,2.5992
198806,4.1814,3.0391
198807,-0.8944,0.9321
198808,-2.7194,-3.1019
198809,5.7012,3.977
198810,1.8443,4.3417
198811,-1.8792,0.3438
198812,2.6193,0.4246
198901,7.8312,8.2568
198902,-3.0862,-2.5818
198903,3.0161,1.1935
198904,6.1099,3.6675
198905,4.6896,3.3304
198906,-0.5188,0.7936
198907,11.5567,6.6819
198908,-0.1149,2.7914
198909,1.1566,-0.3663
198910,0.1327,-0.0705
198911,1.97,1.0566
198912,0.6883,1.0541
199001,-7.6055,-5.7852
199002,-0.1106,2.0042
199003,3.9453,1.0406
199004,0.4673,-4.2175
199005,11.5903,7.8755
199006,3.4122,-0.2183
199007,-0.9556,-2.0321
199008,-8.5609,-10.5847
199009,-5.1428,-7.4122
199010,1.6105,0.9417
199011,6.4344,4.3463
199012,3.2416,0.8058
199101,5.1725,3.9606
199102,8.0999,7.9574
199103,4.526,1.1927
199104,0.0293,-0.1641
199105,3.9603,6.9031
199106,-4.324,-3.9635
199107,6.3917,-0.9497
199108,4.3454,1.5774
199109,-2.1264,-2.9432
199110,1.4122,1.2661
199111,-1.2297,-9.2917
199112,15.3559,14.3233
199201,-3.1827,6.4339
199202,0.1827,10.8584
199203,-2.794,0.7085
199204,-0.11,10.1656
199205,1.1801,-0.2641
199206,-3.0995,2.9685
199207,4.9268,-0.3252
199208,-0.6031,-8.8069
199209,0.7331,0.2032
199210,2.0321,-0.1368
199211,3.7026,8.5218
199212,-0.6921,2.852
199301,-2.3898,9.3035
199302,-3.0198,2.0964
199303,0.7042,3.4326
199304,-5.9593,1.1337
199305,3.1335,-0.5114
199306,-2.458,4.8369
199307,-3.4786,0.5623
199308,3.6979,2.3754
199309,-0.8785,-3.2578
199310,4.1305,5.7653
199311,1.4717,3.4239
199312,0.0619,2.6873
199401,1.3388,5.9091
199402,-1.8034,-4.9136
199403,-4.7551,-4.4331
199404,1.4045,2.1552
199405,1.1602,1.1469
199406,-2.4607,-3.5797
199407,2.6749,2.556
199408,6.2311,1.9561
199409,-0.5573,-6.0177
199410,3.066,0.1161
199411,-1.7822,-3.8289
199412,0.6601,2.0812
199501,2.8608,1.3251
199502,3.3652,6.4333
199503,2.9169,2.0374
199504,2.5141,5.1139
199505,3.8002,6.0142
199506,3.9573,1.5491
199507,2.9607,2.9931
199508,0.0073,4.2171
199509,5.8315,3.9372
199510,0.5649,-3.8267
199511,4.5728,5.074
199512,0.572,3.0243
199601,3.9214,3.4508
199602,1.0105,2.2215
199603,-0.3124,2.6769
199604,1.4479,0.2603
199605,4.5373,2.7191
199606,1.4527,-2.5636
199607,-5.1902,-4.6568
199608,1.4588,2.8224
199609,7.2927,1.4872
199610,1.4585,5.9576
199611,7.8051,6.9112
199612,-2.2001,-2.3746
199701,7.928,3.7747
199702,0.6262,3.0198
199703,-5.4621,-5.5564
199704,8.1838,3.9435
199705,6.3683,5.4763
199706,4.3774,2.0833
199707,8.1078,9.379
199708,-7.2113,-2.9489
199709,4.8681,6.3431
199710,-2.3612,-3.0947
199711,5.3476,2.2895
199712,1.1728,5.0221
199801,3.9468,0.6155
199802,7.2358,9.399
199803,4.5818,7.3942
199804,1.181,1.4047
199805,-2.3471,4.2974
199806,7.6651,2.9925
199807,-0.0025,-0.5783
199808,-13.1162,-15.6016
199809,8.4718,7.2199
199810,7.6779,6.8337
199811,7.6215,5.2068
199812,9.2892,4.8202
199901,6.0979,4.761
199902,-4.7507,-2.7667
199903,4.8119,1.6034
199904,-0.3665,4.8995
199905,-3.7479,-1.2848
199906,6.7441,-0.6389
199907,-3.0075,-7.6595
199908,0.8006,2.5266
199909,-1.939,-7.6382
199910,6.4856,7.3694
199911,4.5609,0.3072
199912,8.2042,-0.1332
200001,-5.0343,-1.6292
200002,0.5422,-8.2629
200003,9.2568,15.6473
200004,-4.4725,6.6697
200005,-3.7172,-4.7119
200006,5.8573,-7.7357
200007,-2.9641,1.1313
200008,7.4373,12.8571
200009,-6.0674,-3.8128
200010,-2.1609,0.1889
200011,-10.6093,-5.8513
200012,-1.3152,1.0604
200101,3.265,2.8983
200102,-11.9841,3.1302
200103,-8.5223,-2.9725
200104,9.1111,6.6172
200105,0.031,4.94
200106,-2.2216,1.9424
200107,-1.6248,5.4028
200108,-7.2597,-8.5045
200109,-7.4383,-2.2527
200110,3.4691,-13.2389
200111,7.904,12.8382
200112,0.0237,1.4929
200201,-0.7345,-6.6355
200202,-2.7102,-10.2423
200203,3.0511,2.9457
200204,-7.8846,-16.5455
200205,-1.4268,-6.0144
200206,-7.579,-14.0749
200207,-5.1795,-14.3171
200208,0.2196,7.9068
200209,-10.9961,-8.8729
200210,9.6387,9.3592
200211,4.6688,7.2204
200212,-6.3155,-8.4045
200301,-2.8004,-4.743
200302,-0.5328,-5.3043
200303,1.9726,-3.385
200304,7.1768,13.3856
200305,4.2807,7.3541
200306,0.9689,3.2236
200307,1.2281,2.8464
200308,1.9451,4.033
200309,-0.6462,-3.6299
200310,4.0103,4.5567
200311,0.8815,4.8633
200312,4.602,6.4486
200401,1.4533,3.8214
200402,1.0486,4.2227
200403,-2.3017,-1.3178
200404,0.2928,-0.95
200405,1.3908,0.2759
200406,1.4256,2.8803
200407,-4.9471,-1.3866
200408,-0.3373,0.1897
200409,0.083,4.1379
200410,1.4423,2.249
200411,3.0463,6.1602
200412,3.8094,2.3747
200501,-3.1875,-0.1423
200502,0.7183,4.9732
200503,-1.1186,-0.775
200504,-1.0435,-3.044
200505,3.8265,3.7815
200506,-1.6334,3.0806
200507,4.7463,4.2617
200508,-1.5184,-0.6348
200509,-0.2426,2.5182
200510,-0.322,-1.4122
200511,3.6008,2.2904
200512,-0.934,-0.3621
200601,1.2574,4.13
200602,-0.2326,-0.9312
200603,0.8856,0.8872
200604,-0.8002,4.8649
200605,-2.8646,-2.6494
200606,0.3684,1.1344
200607,-0.9984,3.8005
200608,4.2152,0.4874
200609,2.5977,4.2635
200610,3.2003,5.0557
200611,0.9797,-0.2085
200612,-0.0719,3.564
200701,2.1627,3.7801
200702,-2.4044,-2.9922
200703,0.5722,0.7595
200704,5.2115,3.7894
200705,2.5508,3.5278
200706,-1.5145,-1.8229
200707,-1.1772,-5.2413
200708,1.9413,-0.1523
200709,5.0776,4.4804
200710,4.5938,-0.5628
200711,-3.5863,-6.0518
200712,-0.9014,0.6763
200801,-8.447,-3.9083
200802,-2.5162,-6.0852
200803,0.2089,0.6513
200804,3.4362,6.7843
200805,3.542,1.7342
200806,-7.0119,-10.9219
200807,-1.3261,7.9544
200808,1.1019,0.1652
200809,-9.5145,-3.5922
200810,-14.392,-16.8453
200811,-6.0251,-17.1924
200812,1.5047,3.6935
200901,-3.2003,-12.6531
200902,-7.839,-11.7427
200903,8.1273,11.5968
200904,6.7631,23.6264
200905,5.1263,7.3482
200906,1.7923,-1.6572
200907,5.9145,9.2835
200908,1.2249,14.6504
200909,3.4953,0.5066
200910,0.2124,-10.0005
200911,7.0459,5.8363
200912,0.9048,-1.9531
201001,-4.1191,-1.419
201002,2.4881,5.9635
201003,5.1371,8.3203
201004,0.3386,2.6299
201005,-7.4712,-10.0445
201006,-3.8675,-9.7677
201007,6.993,5.4387
201008,-4.0958,-8.7427
201009,10.1916,7.2862
201010,4.8266,0.0004
201011,-0.9345,-3.3022
201012,4.4068,13.9114
201101,1.3073,3.3646
201102,1.8858,4.2459
201103,-0.1259,-2.7871
201104,3.6352,1.0266
201105,0.0271,-3.4361
201106,-1.1662,-2.6407
201107,0.1408,-5.477
201108,-3.7475,-11.6246
201109,-6.2302,-13.7443
201110,9.2887,15.0436
201111,-0.6039,-6.2872
201112,-0.4142,1.3697
201201,7.1775,9.2604
201202,5.2118,6.8244
201203,4.1975,7.797
201204,-0.2753,-4.006
201205,-6.2796,-12.6471
201206,2.6214,5.9293
201207,1.0984,-1.2911
201208,2.7304,6.6012
201209,1.5603,5.3173
201210,-4.0508,4.0016
201211,1.6972,-1.4387
201212,-1.05,7.498
201301,3.6108,6.7644
201302,0.9476,0.0184
201303,3.6589,3.2178
201304,1.8603,3.3364
201305,1.9445,8.7881
201306,-2.7581,-2.9269
201307,5.2597,6.8912
201308,-0.9547,-4.4519
201309,4.2101,2.0388
201310,4.7847,3.6351
201311,3.6362,5.8987
201312,2.357,1.8922
201401,-3.8208,-4.0083
201402,5.0944,2.5605
201403,-1.0275,3.7494
201404,1.1914,-1.8528
201405,2.9849,1.4408
201406,1.4332,3.3418
201407,-1.677,-1.6255
201408,4.9511,5.1372
201409,-0.5254,-0.3552
201410,2.2177,1.5153
201411,3.5216,1.1231
201412,-1.3694,2.45
201501,-0.8137,-7.5465
201502,6.4342,5.9175
201503,-1.5666,-1.4654
201504,0.1885,1.5807
201505,1.8865,1.7383
201506,-0.6569,-0.8132
201507,3.5414,0.4929
201508,-5.9317,-7.6264
201509,-1.7166,-5.6546
201510,8.4122,7.6216
201511,0.1378,3.1335
201512,-1.2351,-4.1703
201601,-5.8407,-12.0677
201602,-0.1403,-6.0455
201603,6.549,7.6326
201604,-0.7461,7.1344
201605,1.8252,1.4928
201606,-0.1874,-6.5511
201607,5.0614,4.6901
201608,-0.6867,4.3659
201609,0.4768,0.7069
201610,-2.4138,1.7272
201611,0.8745,13.6418
201612,1.313,3.3498
201701,3.5015,-0.0227
201702,4.8467,4.1598
201703,1.5593,-2.9856
201704,1.8387,-0.7162
201705,2.9081,-1.4062
201706,-0.5441,3.6209
201707,2.5522,2.2726
201708,2.1594,-1.6784
201709,1.0023,5.174
201710,4.1366,4.2293
201711,3.1302,2.4026
201712,1.0827,1.1679
201801,7.9504,5.6205
201802,-1.3956,-2.0111
201803,-2.8169,-4.4478
201804,0.3109,-0.0329
201805,4.4002,-1.4927
201806,1.0403,-2.3958
201807,2.8768,5.0951
201808,6.0054,1.1514
201809,1.1289,-1.626
201810,-9.2303,-7.1124
201811,0.7305,0.524
201812,-8.3847,-12.9822